smiles,pic50
C#CC(=O)N1CCN(Cc2cccc(Cl)c2)[C@H]2CS(=O)(=O)C[C@H]21,5.32
C#CC1(C)CCN(C(=O)Cc2cncc3ccccc23)CC1,5.33
C#Cc1ccc([C@H]2CCCCN2C(=O)Cc2cncc3ccccc23)cc1,4.85
C#Cc1ccc2c(c1)[C@@H](C(=O)Nc1cncc3ccccc13)CN(C)C2=O,4.66
C=C(C(=O)Nc1ccccc1)[C@H]1C[C@]2(CN(CC(=O)NC)C(=O)c3ccc(Cl)cc32)C(=O)N1c1cncc2ccccc12,5.59
C=C(C(=O)O)[C@H]1C[C@]2(CN(CC(=O)OC(C)(C)C)C(=O)c3ccc(Cl)cc32)C(=O)N1c1cncc2ccccc12,5.53
C=C(C(=O)OC)[C@H]1C[C@]2(CN(CC(=O)OC(C)(C)C)C(=O)c3ccc(Cl)cc32)C(=O)N1c1cncc2ccccc12,6.17
C=C(CN(C(=O)C1CCOc2ccc(Cl)cc21)c1cncc2ccccc12)C(=O)Nc1ccccc1,6.45
C=C(CN(C(=O)C1CCOc2ccc(Cl)cc21)c1cncc2ccccc12)C(N)=O,5.56
C=C(CN(C(=O)Nc1cncc2ccccc12)c1cccc(Cl)c1)C(=O)NCC,5.77
C=C(CN(C(=O)Nc1cncc2ccccc12)c1cccc(Cl)c1)C(=O)O,5.49
C=C(CN(C(=O)Nc1cncc2ccccc12)c1cccc(Cl)c1)C(N)=O,5.19
C=C(CN(C(=O)[C@H]1CCOc2ccc(Cl)cc21)c1cncc2ccccc12)C(=O)N(C)c1ccccc1,5.55
C=C(CN(C(=O)[C@H]1CCOc2ccc(Cl)cc21)c1cncc2ccccc12)C(=O)NCc1ccccc1,5.24
C=C(CN(C(=O)[C@H]1CCOc2ccc(Cl)cc21)c1cncc2ccccc12)C(=O)Nc1ccc(Cl)cc1,5.18
C=C(CN(C(=O)[C@H]1CN(CC(=O)NC)C(=O)c2ccc(Cl)cc21)c1cncc2ccccc12)C(=O)NCc1ccc(OC)cc1Cl,7.64
C=C(CN(C(=O)[C@H]1CN(CC(=O)NC)C(=O)c2ccc(Cl)cc21)c1cncc2ccccc12)C(=O)Nc1ccc(-n2cccn2)cc1,5.93
C=C(CN(C(=O)[C@H]1CN(CC(=O)NC)C(=O)c2ccc(Cl)cc21)c1cncc2ccccc12)C(=O)O,5.46
C=C(CN(C(=O)[C@H]1CN(CC(=O)NC)Cc2ccc(Cl)cc21)c1cncc2ccccc12)C(=O)N1CCCCC1,4.99
C=C(CN(C(=O)[C@H]1CN(CC(=O)NC)Cc2ccc(Cl)cc21)c1cncc2ccccc12)C(=O)N1CCOCC1,5.25
C=C(CN(C(=O)[C@H]1CN(CC(=O)NC)Cc2ccc(Cl)cc21)c1cncc2ccccc12)C(=O)NC,6.72
C=C(CN(C(=O)[C@H]1CN(CC(=O)NC)Cc2ccc(Cl)cc21)c1cncc2ccccc12)C(=O)NCc1ccc(Br)cc1C,6.84
C=C(CN(C(=O)[C@H]1CN(CC(=O)NC)Cc2ccc(Cl)cc21)c1cncc2ccccc12)C(=O)NCc1ccc(OC)cc1Cl,7.695
C=C(CN(C(=O)[C@H]1CN(CC(=O)NC)Cc2ccc(Cl)cc21)c1cncc2ccccc12)C(=O)Nc1ccc(-n2cccn2)cc1,5.55
C=C(CN(C(=O)[C@H]1CN(CC(=O)NC)Cc2ccc(Cl)cc21)c1cncc2ccccc12)C(=O)Nc1ccc(C(F)(F)F)cn1,6.53
C=C(CN(C(=O)[C@H]1CN(CC(=O)NC)Cc2ccc(Cl)cc21)c1cncc2ccccc12)C(=O)Nc1ccccc1,7.1
C=C(CN(C(=O)[C@H]1CN(CC(=O)NC)Cc2ccc(Cl)cc21)c1cncc2ccccc12)C(=O)O,4.88
C=C(CN(C)c1cccc(N(Cc2cccc(Cl)c2)C(=O)Cc2cncc3ccccc23)c1)C(=O)Nc1ccccc1,4.46
C=C(CN1CCc2ccc(Cl)cc2C1C(=O)Nc1cncc2ccccc12)C(=O)O,5.62
C=C(CN1CCc2ccc(Cl)cc2C1C(=O)Nc1cncc2ccccc12)C(=O)OC,6.11
C=C(CN1CCc2ccc(Cl)cc2C1C(=O)Nc1cncc2ccccc12)C(N)=O,5.29
C=C(CNc1cccc(N(Cc2cccc(Cl)c2)C(=O)Cc2cncc3ccccc23)c1)C(=O)Nc1ccccc1,4.99
C=C1CN(c2cncc3ccccc23)C(=O)[C@]12CN(Cc1ccc(OC)cc1OC)C(=O)c1ccc(F)cc12,7.0
C=CC(=O)N(C)c1cccc(N(Cc2cccc(Cl)c2)C(=O)Cc2cncc3ccccc23)c1,5.76
C=CC(=O)N1CCCCc2ccc(N(Cc3ccc(Cl)cc3)C(=O)Cc3cncc4ccccc34)cc21,4.56
C=CC(=O)N1CCCc2c1cccc2N(C(=O)Cc1cncc2ccccc12)C1(c2cccc(Cl)c2)COC1,4.99
C=CC(=O)N1CCCc2c1cccc2N(Cc1cccc(-c2ccc[nH]2)c1)C(=O)Cc1cncc2ccccc12,4.79
C=CC(=O)N1CCCc2c1cccc2N(Cc1cccc(C(=O)NC)c1)C(=O)Cc1cncc2ccccc12,4.2
C=CC(=O)N1CCCc2c1cccc2N(Cc1cccc(Cl)c1)C(=O)Cc1cncc2ccccc12,6.32
C=CC(=O)N1CCCc2c1cccc2N(Cc1cccc([C@H]2CCCN2)c1)C(=O)Cc1cncc2ccccc12,4.26
C=CC(=O)N1CCCc2ccc(N(C(=O)Cc3cncc4ccccc34)N(C)c3cccc(Cl)c3)cc21,8.19
C=CC(=O)N1CCCc2ccc(N(Cc3cccc(-c4ccccc4)c3)C(=O)Cc3cncc4ccccc34)cc21,5.88
C=CC(=O)N1CCCc2ccc(N(Cc3cccc(Br)c3)C(=O)Cc3cncc4ccccc34)cc21,7.62
C=CC(=O)N1CCCc2ccc(N(Cc3cccc(C(F)(F)F)c3)C(=O)Cc3cncc4ccccc34)cc21,7.4
C=CC(=O)N1CCCc2ccc(N(Cc3cccc(Cl)c3)C(=O)Cc3cncc4c(F)cccc34)cc21,7.41
C=CC(=O)N1CCCc2ccc(N(Cc3cccc(Cl)c3)C(=O)Cc3cncc4ccccc34)cc21,7.74
C=CC(=O)N1CCc2c1cccc2N(Cc1cccc(Cl)c1)C(=O)Cc1cncc2ccccc12,5.08
C=CC(=O)N1CCc2ccc(N(Cc3cccc(Cl)c3)C(=O)Cc3cncc4ccccc34)cc21,5.75
C=CC(=O)N1C[C@H](C(N)=O)Cc2ccc(N(Cc3cccc(Cl)c3)C(=O)Cc3cncc4ccccc34)cc21,6.66
C=CC(=O)NC(C(=O)Nc1cncc2ccccc12)c1ccc(Cl)c(Cl)c1,5.5
C=CC(=O)Nc1ccc(Cl)c(N(Cc2cccc(Cl)c2)C(=O)Cc2cncc3ccccc23)c1,5.3
C=CC(=O)Nc1ccc(F)c(N(Cc2cccc(Cl)c2)C(=O)Cc2cncc3ccccc23)c1,5.28
C=CC(=O)Nc1cccc(N(Cc2cc(Cl)ccc2Cl)C(=O)Cc2cncc3ccccc23)c1,4.79
C=CC(=O)Nc1cccc(N(Cc2ccc(Cl)cc2Cl)C(=O)Cc2cncc3ccccc23)c1,4.22
C=CC(=O)Nc1cccc(N(Cc2cccc(-c3cc[nH]c3)c2)C(=O)Cc2cncc3ccccc23)c1,4.05
C=CC(=O)Nc1cccc(N(Cc2cccc(-c3ccoc3)c2)C(=O)Cc2cncc3ccccc23)c1,4.81
C=CC(=O)Nc1cccc(N(Cc2cccc(C(=N)N)c2)C(=O)Cc2cncc3ccccc23)c1,5.18
C=CC(=O)Nc1cccc(N(Cc2cccc(Cl)c2)C(=O)Cc2cncc3ccccc23)c1,5.57
C=CC(=O)Nc1cccc(N(Cc2cccc3ccoc23)C(=O)Cc2cncc3ccccc23)c1,4.77
C=CC(=O)Nc1cccc(N(Cc2cccc3ccsc23)C(=O)Cc2cncc3ccccc23)c1,4.55
C=CC(=O)Nc1ccccc1N(Cc1cccc(Cl)c1)C(=O)Cc1cncc2ccccc12,5.16
C=CC[C@H](Nc1cc(Cl)cc(NC(=O)OCc2ccccc2)c1)c1cccc(CN)c1,4.43
C=CC[C@H](Nc1ccc2c(c1)CNC2)c1cc(Cl)cc2[nH]ncc12,4.65
C=CC[C@H](Nc1cccc(-c2nn[nH]n2)c1)c1cc(Cl)cc(NC(=O)OCc2ccccc2)c1,4.11
C=CC[C@H](Nc1cccc(C(=O)O)c1)c1cc(Cl)cc2[nH]ncc12,4.42
C=CC[C@H](Nc1cccc(Cl)c1)c1cccc(-c2nn[nH]n2)c1,4.62
C=CC[C@H]1CCCN(C(=O)Cc2cncc3ccccc23)C1,4.984999999999999
CC(=O)N1CCN(S(=O)(=O)OCC(=O)N2CCN(Cc3cccc(Cl)c3)[C@H](CC(C)C)C2)CC1,7.14
CC(=O)N1C[C@@]2(CC[C@H]1C)NC(=O)N(c1cncc3ccccc13)C2=O,4.36
CC(=O)N1C[C@]2(CC[C@H]1C)NC(=O)N(c1cncc3ccccc13)C2=O,4.21
CC(=O)Nc1ccc(N(C)C(=O)CN2Cc3ccc(Cl)cc3[C@H](C(=O)Nc3cncc4ccccc34)C2)cc1,5.83
CC(=O)Nc1ccc(NC(=O)CN2Cc3ccc(Cl)cc3[C@H](C(=O)Nc3cncc4ccccc34)C2)cc1,7.47
CC(=O)c1cccc(CN2CCN(C(=O)COS(=O)(=O)N3CCOCC3)C[C@H]2CC(C)C)c1,6.13
CC(C)(C#N)NC(=O)[C@H](Cc1cccc(Cl)c1)c1cncc2ccccc12,4.12
CC(C)(C#N)c1ccc(N(Cc2cccc(Cl)c2)C(=O)Cc2cncc3ccccc23)cc1,6.2
CC(C)(C)N(Cc1ccccc1)C(=O)CN1Cc2ccc(Cl)cc2[C@H](C(=O)Nc2cncc3ccccc23)C1,6.0
CC(C)(C)[C@H](NC(=O)C(F)(F)F)C(=O)N1C[C@H]2[C@@H]([C@H]1C(=O)N[C@H](C#N)C[C@@H]1CCNC1=O)C2(C)C,8.68
CC(C)(F)C1CCN(C(=O)Cc2cncc3ccccc23)CC1,6.02
CC(C)(NC(=O)CN1Cc2ccc(Cl)cc2[C@H](C(=O)Nc2cncc3ccccc23)C1)c1ccccc1,6.74
CC(C)(NC(=O)c1cncc2ccccc12)c1cccc(C#N)c1,4.23
CC(C)(O)[C@H]1CCCN(C(=O)Cc2cncc3ccccc23)C1,4.55
CC(C)C1(C)CCN(C(=O)Cc2cncc3ccccc23)CC1,6.13
CC(C)C1(F)CCN(C(=O)Cc2cncc3ccccc23)CC1,6.21
CC(C)C1CCN(C(=O)Cc2cncc3ccccc23)CC1,6.33
CC(C)CC1(C(F)(F)F)CCN(C(=O)Cc2cncc3ccccc23)CC1,7.06
CC(C)CC1(C)CCN(C(=O)Cc2cncc3ccccc23)CC1,6.47
CC(C)CC1CCN(C(=O)Cc2cncc3ccccc23)CC1,5.31
CC(C)CCN(Cc1ccccc1)C(=O)Cc1cncc2ccccc12,5.13
CC(C)CC[C@H]1CCCCN1C(=O)Cc1cncc2ccccc12,5.125
CC(C)CNS(=O)(=O)OCC(=O)N1CCN(Cc2cccc(Cl)c2)[C@H]2CS(=O)(=O)C[C@@H]21,7.26
CC(C)CNS(=O)(=O)OCC(=O)N1CCN(Cc2cccc(Cl)c2)[C@H]2CS(=O)(=O)C[C@H]21,5.35
CC(C)C[C@H](NC(=O)OC1CC2(C1)CN(C(=O)Cc1ccccc1)C2)C(=O)N[C@H](C=O)C[C@@H]1CCNC1=O,4.2
CC(C)C[C@H]1CN(C(=O)COS(=O)(=O)N(C)C)CCN1Cc1cccc(Cl)c1,5.99
CC(C)C[C@H]1CN(C(=O)COS(=O)(=O)N2CCCC2)CCN1Cc1cccc(Cl)c1,5.83
CC(C)C[C@H]1CN(C(=O)COS(=O)(=O)N2CCCCC2)CCN1Cc1cccc(Cl)c1,6.41
CC(C)C[C@H]1CN(C(=O)COS(=O)(=O)N2CCNCC2)CCN1Cc1cccc(Cl)c1,6.92
CC(C)C[C@H]1CN(C(=O)COS(=O)(=O)N2CCOCC2)CCN1Cc1cc(Cl)cc2ccccc12,6.79
CC(C)C[C@H]1CN(C(=O)COS(=O)(=O)N2CCOCC2)CCN1Cc1cccc(Cl)c1,6.9
CC(C)C[C@H]1CN(C(=O)COS(=O)(=O)N2CCOCC2)CCN1Cc1cccc(F)c1,5.95
CC(C)C[C@H]1CN(C(=O)COS(N)(=O)=O)CCN1Cc1cccc(Cl)c1,5.17
CC(C)N(Cc1cccc(Cl)c1)C(=O)Cc1cncc2ccccc12,5.82
CC(C)NC(=O)CN1C[C@@]2(C(=O)N(c3cncc4ccccc34)C[C@@H]2C)c2cc(Cl)ccc2C1=O,6.53
CC(C)NC(=O)CN1C[C@@]2(C(=O)N(c3cncc4ccccc34)C[C@@H]2C)c2cc(F)ccc2C1=O,6.65
CC(C)NS(=O)(=O)OCC(=O)N1CCN(Cc2cccc(Cl)c2)[C@H]2CS(=O)(=O)C[C@H]21,5.51
CC(C)O[C@H]1CCN(C(=O)Cc2cncc3ccccc23)[C@@H](C)C1,4.39
CC(C)[C@H]1CCCN(C(=O)Cc2cncc3ccccc23)C1,5.13
CC(C)[C@H]1c2ccsc2CCN1C(=O)Cc1cncc2ccccc12,6.476666666666667
CC(C)[C@]1(C#N)CCN(C(=O)Cc2cncc3ccccc23)C1,5.743333333333333
CC(C)[C@]1(O)CCCN(C(=O)Cc2cncc3ccccc23)C1,4.31
CC(C)c1ccc([C@H]2CCCCN2C(=O)Cc2cncc3ccccc23)cc1,4.82
CC(C)c1nc([C@H]2CCCN(C(=O)Cc3cncc4ccccc34)C2)no1,4.04
CC(F)(F)C1CCN(C(=O)Cc2cncc3ccccc23)CC1,6.23
CC(F)(F)[C@H](C(=O)Nc1cncc2ccccc12)c1ccccc1,4.91
CC1(C(F)(F)F)CCN(C(=O)Cc2cncc3ccccc23)CC1,6.11
CC1(C)CCN(C(=O)Cc2cncc3ccccc23)CC1,5.66
CC1(C)CCN(S(C)(=O)=O)C[C@]12NC(=O)N(c1cncc3ccccc13)C2=O,4.47
CC1(C)CN(C(=O)Cc2cncc3ccccc23)[C@H]1c1cccs1,4.86
CC1(C)CN(C(=O)Cc2cncc3ccccc23)[C@H]2COC[C@H]21,4.42
CC1(C)[C@@H]2CN(C(=O)Cc3cncc4ccccc34)C[C@@H]21,5.46
CC1(CC(F)(F)F)CCN(C(=O)Cc2cncc3ccccc23)CC1,5.81
CC1(F)CCN(C(=O)Cc2cncc3ccccc23)CC1,5.31
CC1(O)CCN(C(=O)Cc2cncc3ccccc23)CC1,4.62
CC1(c2ccccc2)CCN(C(=O)Cc2cncc3ccccc23)CC1,5.16
CC1CCC2(CC1)CCN(C(=O)Cc1cncc3ccccc13)C2,6.16
CC1CCN(C(=O)Cc2cncc3ccccc23)CC1,5.73
CCC(=O)N1CCCc2c1cccc2N(Cc1cccc(Cl)c1)C(=O)Cc1cncc2ccccc12,5.89
CCC(=O)Nc1cccc(N(Cc2ccccc2)C(=O)Cc2cncc3ccccc23)c1,4.55
CCC(=O)[C@H]1CCCCN1C(=O)Cc1cncc2ccccc12,4.34
CCC1(C)CCN(C(=O)Cc2cncc3ccccc23)CC1,6.13
CCC1CCN(C(=O)Cc2cncc3ccccc23)CC1,6.04
CCCCNC(=O)c1cnc([C@H](NC(=O)CCl)c2cccc(Cl)c2)s1,5.25
CCCCNC(=O)c1cnc([C@H](NC(=O)CCl)c2ccccc2)s1,4.72
CCCN(CCc1cccs1)C(=O)Cc1cncc2ccccc12,4.68
CCC[C@]1(Cc2ccccc2)CCCN1C(=O)Cc1cncc2ccccc12,5.1
CCN1CCN(c2ccc(NC(=O)CN3Cc4ccc(Cl)cc4[C@H](C(=O)Nc4cncc5ccccc45)C3)cc2)CC1,7.55
CCN1CCN(c2ccc(NC(=O)CN3Cc4ccc(Cl)cc4[C@H](C(=O)Nc4cncc5ccccc45)C3)cc2F)CC1,7.43
CCNC(=O)CN1C[C@@]2(C(=O)N(c3cncc4ccccc34)C[C@@H]2C)c2cc(Cl)ccc2C1=O,7.73
CCNC(=O)CN1C[C@@]2(C(=O)N(c3cncc4ccccc34)C[C@@H]2C)c2cc(F)ccc2C1=O,7.48
CCNS(=O)(=O)OCC(=O)N1CCN(Cc2cccc(Cl)c2)[C@H]2CS(=O)(=O)C[C@H]21,6.67
CCO[C@@H]1CCCN(C(=O)Cc2cncc3ccccc23)C1,4.14
CCO[C@@H]1C[C@@H](C)N(C(=O)Cc2cncc3ccccc23)[C@@H](C)C1,4.57
CCO[C@H]1CN(c2cncc3ccccc23)C(=O)[C@@]12CN(CC(=O)NC)C(=O)c1ccc(Cl)cc12,7.37
CCOc1ccc(CNC(=O)CN2Cc3ccc(Cl)cc3[C@H](C(=O)Nc3cncc4ccccc34)C2)cc1,6.9
CCOc1cccc(CNC(=O)CN2Cc3ccc(Cl)cc3[C@H](C(=O)Nc3cncc4ccccc34)C2)c1,7.05
CCOc1ccccc1CNC(=O)CN1Cc2ccc(Cl)cc2[C@H](C(=O)Nc2cncc3ccccc23)C1,6.94
CCS(=O)(=O)N1CC2(C1)C(=O)N(c1cncc3ccccc13)C(=O)N2C,4.76
CCS(=O)(=O)N[C@H]1CN(c2cncc3ccccc23)C(=O)[C@@]12CN(CC(=O)NC)C(=O)c1ccc(Cl)cc12,6.87
CC[C@@H]1C[C@H](C)CCN1C(=O)Cc1cncc2ccccc12,5.64
CC[C@H](C(=O)Nc1cncc2ccccc12)c1cc(F)c(F)c(F)c1,6.11
CC[C@H](C(=O)Nc1cncc2ccccc12)c1ccccc1,5.03
CC[C@H](C)OC1CCN(C(=O)Cc2cncc3ccccc23)CC1,4.33
CC[C@H](c1ccccc1)[C@H]1CCCN1C(=O)Cc1cncc2ccccc12,4.92
CC[C@H]1CCCN(C(=O)Cc2cncc3ccccc23)C1,4.8100000000000005
CC[C@H]1CN(C(=O)Cc2cncc3ccccc23)C[C@@H]1c1ccc(OC)cc1,4.88
CC[C@H]1C[C@@H](C(F)(F)F)CCN1C(=O)Cc1cncc2ccccc12,5.9799999999999995
CC[C@H]1c2ccsc2CCN1C(=O)Cc1cncc2ccccc12,6.109999999999999
CCc1cc([C@H]2CCCCN2C(=O)Cc2cncc3ccccc23)on1,4.54
CCc1cc([C@H]2CCCN2C(=O)Cc2cncc3ccccc23)on1,4.25
CCc1ccc(CNC(=O)CN2Cc3ccc(Cl)cc3[C@H](C(=O)Nc3cncc4ccccc34)C2)cc1,6.99
CCc1ccc([C@H]2C[C@H](C)CCN2C(=O)Cc2cncc3ccccc23)o1,6.256666666666667
CCc1cccc([C@H]2CCN(C(=O)Cc3cncc4ccccc34)C2)c1,4.55
CCc1nc([C@H]2CCCN2C(=O)Cc2cncc3ccccc23)no1,4.2
CCn1ccc(CN(C(=O)Cc2cncc3ccccc23)c2ccc(C(C)C)cc2)n1,5.38
CCn1ccnc1[C@H]1CCCCN1C(=O)Cc1cncc2ccccc12,4.14
CCn1nccc1CN1C[C@@]2(C(=O)N(c3cncc4ccccc34)C[C@@H]2C)c2cc(F)ccc2C1=O,7.28
CN(C(=O)Cc1cncc2ccccc12)[C@H](c1ccc(Cl)cc1)C1CC1,4.8
CN(C)C(=O)CN(Cc1cccc(Cl)c1)C(=O)Cc1cncc2ccccc12,5.21
CN(C)C(=O)CN(Cc1ccccc1)C(=O)Cc1cncc2ccccc12,4.55
CN(C)C(=O)[C@H]1CCCN(C(=O)Cc2cncc3ccccc23)C1,4.55
CN(C)CCN(Cc1cccc(Cl)c1)C(=O)Cc1cncc2ccccc12,4.67
CN(C)[C@]1(C)CCN(C(=O)Cc2cncc3ccccc23)C1,4.19
CN(C)c1ccc(N(Cc2cccc(Cl)c2)C(=O)Cc2cncc3ccccc23)nc1,6.5
CN(C)c1cccc([C@H]2CCCN2C(=O)Cc2cncc3ccccc23)c1,4.34
CN(CCc1ccccc1)C(=O)CN1Cc2ccc(Cl)cc2[C@H](C(=O)Nc2cncc3ccccc23)C1,6.01
CN(CCc1ccccc1Cl)C(=O)Cc1cncc2ccccc12,4.56
CN(C[C@H]1CCCN1C(=O)Cc1cncc2ccccc12)c1ccccc1,4.91
CN(Cc1cccc(Cl)c1)C(=O)Cc1cncc2ccccc12,5.23
CN(c1ccccc1)[C@H]1CCN(C(=O)Cc2cncc3ccccc23)C1,4.51
CN1C(=O)N(c2cncc3ccccc23)C(=O)C12CN(Cc1ccccc1)C2,5.4
CN1C(=O)N(c2cncc3ccccc23)C(=O)C12CN(S(=O)(=O)C1CC1)C2,4.74
CN1C(=O)N(c2cncc3ccccc23)C(=O)C12CN(S(=O)(=O)c1ccccc1)C2,5.12
CN1C(=O)N(c2cncc3ccccc23)C(=O)[C@@H]1Cc1ccccc1,4.06
CN1C(=O)N(c2cncc3ccccc23)C(=O)[C@H]1Cc1ccccc1,4.06
CN1C(=O)[C@]2(CCN(c3cncc4ccccc34)C2=O)c2cc(Cl)ccc21,5.21
CN1C(=O)c2ccc(Cl)cc2[C@]12CCCN(c1cncc3ccccc13)C2=O,5.57
CN1C(=O)c2ccc(Cl)cc2[C@]12CCN(c1cncc3ccccc13)C2=O,4.73
CN1CC2(CCN(C(=O)Cc3cncc4ccccc34)CC2)c2ccccc21,4.54
CN1CCC[C@H]2CCN(C(=O)Cc3cncc4ccccc34)C[C@H]21,4.37
CN1CCN(c2ccc(NC(=O)CN3Cc4ccc(Cl)cc4[C@H](C(=O)Nc4cncc5ccccc45)C3)cc2)CC1,6.69
CN1CCN(c2ccc(NC(=O)CN3Cc4ccc(Cl)cc4[C@H](C(=O)Nc4cncc5ccccc45)C3)cc2F)CC1,7.24
CN1CCN(c2ccccc2NC(=O)CN2Cc3ccc(Cl)cc3[C@H](C(=O)Nc3cncc4ccccc34)C2)CC1,5.78
CN1C[C@H](C(=O)Nc2cncc3ccccc23)c2cc(C#N)ccc2C1=O,5.5
CN1C[C@H](C(=O)Nc2cncc3ccccc23)c2cc(C(F)(F)F)ccc2C1=O,5.095000000000001
CN1C[C@H](C(=O)Nc2cncc3ccccc23)c2cc(C3CC3)ccc2C1=O,4.82
CN1C[C@H](C(=O)Nc2cncc3ccccc23)c2cc(CC#N)ccc2C1=O,4.205
CN1C[C@H](C(=O)Nc2cncc3ccccc23)c2cc(CO)ccc2C1=O,4.34
CN1C[C@H](C(=O)Nc2cncc3ccccc23)c2cc(Cl)ccc2C1=O,5.91
CN1C[C@H](C(=O)Nc2cncc3ccccc23)c2cc(F)ccc2C1=O,5.68
CN1C[C@H](C(=O)Nc2cncc3ccccc23)c2ccccc2C1=O,5.22
CN1C[C@H](Cc2ccccc2)N(C(=O)Cc2cncc3ccccc23)CC1=O,4.49
CN1C[C@H]2[C@H](CCCN2C(=O)Cc2cncc3ccccc23)C1=O,4.05
CN1C[C@]2(CCCN(c3cncc4ccccc34)C2=O)c2cc(Cl)ccc2C1=O,5.98
CN1C[C@]2(CCN(c3cncc4ccccc34)C2=O)c2cc(Cl)ccc2C1=O,6.31
CN1c2ccccc2N(CCNC(=O)c2cncc3ccccc23)S1(=O)=O,4.15
CNC(=O)C1(N2C[C@@]3(C(=O)N(c4cncc5ccccc45)C[C@@H]3C)c3cc(Cl)ccc3C2=O)CC1,8.04
CNC(=O)C1(N2C[C@@]3(C(=O)N(c4cncc5ccccc45)C[C@@H]3C)c3cc(F)ccc3C2=O)CC1,7.57
CNC(=O)C1(N2C[C@@]3(CCN(c4cncc5ccccc45)C3=O)c3cc(Cl)ccc3C2=O)CC1,4.4
CNC(=O)C1(N2C[C@]3(CCN(c4cncc5ccccc45)C3=O)c3cc(Cl)ccc3C2=O)CC1,7.54
CNC(=O)CN(Cc1cccc(Cl)c1)C(=O)Cc1cncc2ccccc12,5.36
CNC(=O)CN1C[C@@]2(C(=O)N(c3cncc4ccccc34)C[C@@H]2C)c2c(F)cccc2C1=O,4.38
CNC(=O)CN1C[C@@]2(C(=O)N(c3cncc4ccccc34)C[C@@H]2C)c2cc(Cl)ccc2C1=O,7.87
CNC(=O)CN1C[C@@]2(C(=O)N(c3cncc4ccccc34)C[C@@H]2C)c2ccc(F)cc2C1=O,6.28
CNC(=O)CN1C[C@@]2(C(=O)N(c3cncc4ccccc34)C[C@@H]2C)c2cccc(F)c2C1=O,5.89
CNC(=O)CN1C[C@@]2(C(=O)N(c3cncc4ccccc34)C[C@@H]2C)c2ccccc2C1=O,6.48
CNC(=O)CN1C[C@@]2(C(=O)N(c3cncc4ccccc34)C[C@@H]2C)c2cnccc2C1=O,5.59
CNC(=O)CN1C[C@@]2(C(=O)N(c3cncc4ccccc34)C[C@@H]2CC#N)c2cc(Cl)ccc2C1=O,7.41
CNC(=O)CN1C[C@@]2(C(=O)N(c3cncc4ccccc34)C[C@@H]2CC#N)c2cc(F)ccc2C1=O,6.77
CNC(=O)CN1C[C@@]2(C(=O)N(c3cncc4ccccc34)C[C@@H]2CCl)c2cc(Cl)ccc2C1=O,8.14
CNC(=O)CN1C[C@@]2(C(=O)N(c3cncc4ccccc34)C[C@@H]2CF)c2cc(Cl)ccc2C1=O,7.51
CNC(=O)CN1C[C@@]2(C(=O)N(c3cncc4ccccc34)C[C@@H]2CNc2ccc(Cl)nn2)c2cc(Cl)ccc2C1=O,7.45
CNC(=O)CN1C[C@@]2(C(=O)N(c3cncc4ccccc34)C[C@@H]2CNc2ccccc2)c2cc(Cl)ccc2C1=O,8.46
CNC(=O)CN1C[C@@]2(C(=O)N(c3cncc4ccccc34)C[C@@H]2CNc2ccn[nH]2)c2cc(Cl)ccc2C1=O,8.1
CNC(=O)CN1C[C@@]2(C(=O)N(c3cncc4ccccc34)C[C@@H]2CNc2ccnc(C)n2)c2cc(Cl)ccc2C1=O,7.5
CNC(=O)CN1C[C@@]2(C(=O)N(c3cncc4ccccc34)C[C@@H]2CNc2ccncn2)c2cc(Cl)ccc2C1=O,7.65
CNC(=O)CN1C[C@@]2(C(=O)N(c3cncc4ccccc34)C[C@@H]2CNc2cn[nH]c2)c2cc(Cl)ccc2C1=O,7.21
CNC(=O)CN1C[C@@]2(C(=O)N(c3cncc4ccccc34)C[C@@H]2CNc2cnc(C)s2)c2cc(Cl)ccc2C1=O,8.45
CNC(=O)CN1C[C@@]2(C(=O)N(c3cncc4ccccc34)C[C@@H]2CNc2cnccn2)c2cc(Cl)ccc2C1=O,7.09
CNC(=O)CN1C[C@@]2(C(=O)N(c3cncc4ccccc34)C[C@@H]2CNc2cncs2)c2cc(Cl)ccc2C1=O,8.73
CNC(=O)CN1C[C@@]2(C(=O)N(c3cncc4ccccc34)C[C@@H]2CNc2cnn(C)c2)c2cc(Cl)ccc2C1=O,8.0
CNC(=O)CN1C[C@@]2(C(=O)N(c3cncc4ccccc34)C[C@@H]2CNc2ncncn2)c2cc(Cl)ccc2C1=O,7.96
CNC(=O)CN1C[C@@]2(C(=O)N(c3cncc4ccccc34)C[C@@H]2CNc2nncs2)c2cc(Cl)ccc2C1=O,8.16
CNC(=O)CN1C[C@@]2(C(=O)N(c3cncc4ccccc34)C[C@@H]2CNc2scnc2C)c2cc(Cl)ccc2C1=O,8.38
CNC(=O)CN1C[C@@]2(C(=O)N(c3cncc4ccccc34)C[C@@H]2COC(C)C)c2cc(Cl)ccc2C1=O,6.94
CNC(=O)CN1C[C@@]2(C(=O)N(c3cncc4ccccc34)C[C@@H]2COC(C)C)c2cc(F)ccc2C1=O,6.73
CNC(=O)CN1C[C@@]2(C(=O)N(c3cncc4ccccc34)C[C@@H]2COC)c2cc(Cl)ccc2C1=O,7.54
CNC(=O)CN1C[C@@]2(C(=O)N(c3cncc4ccccc34)C[C@@H]2COC2CCC2)c2cc(Cl)ccc2C1=O,8.18
CNC(=O)CN1C[C@@]2(C(=O)N(c3cncc4ccccc34)C[C@@H]2COCC2CC2)c2cc(Cl)ccc2C1=O,7.88
CNC(=O)CN1C[C@@]2(C(=O)N(c3cncc4ccccc34)C[C@@H]2COCCF)c2cc(F)ccc2C1=O,6.96
CNC(=O)CN1C[C@@]2(C(=O)N(c3cncc4ccccc34)C[C@@H]2CS(=O)(=O)N(C)C)c2cc(Cl)ccc2C1=O,7.43
CNC(=O)CN1C[C@@]2(C(=O)N(c3cncc4ccccc34)C[C@@H]2CS(=O)(=O)N(C)C)c2cc(F)ccc2C1=O,6.83
CNC(=O)CN1C[C@@]2(C(=O)N(c3cncc4ccccc34)C[C@@H]2CS(=O)(=O)NC)c2cc(Cl)ccc2C1=O,6.66
CNC(=O)CN1C[C@@]2(C(=O)N(c3cncc4ccccc34)C[C@@H]2CS(=O)(=O)NC)c2cc(F)ccc2C1=O,6.6
CNC(=O)CN1C[C@@]2(C(=O)N(c3cncc4ccccc34)C[C@@H]2CS(C)(=O)=O)c2cc(F)ccc2C1=O,5.84
CNC(=O)CN1C[C@@]2(C(=O)N(c3cncc4ccccc34)C[C@@H]2Cc2ccccc2)c2cc(Cl)ccc2C1=O,7.16
CNC(=O)CN1C[C@@]2(C(=O)N(c3cncc4ccccc34)C[C@@H]2Cc2ccccc2)c2cc(F)ccc2C1=O,6.96
CNC(=O)CN1C[C@@]2(C(=O)N(c3cncc4ccccc34)C[C@@H]2Cc2nn[nH]n2)c2cc(Cl)ccc2C1=O,6.33
CNC(=O)CN1C[C@@]2(C(=O)N(c3cncc4ccccc34)C[C@@H]2Cn2cccn2)c2cc(Cl)ccc2C1=O,6.74
CNC(=O)CN1C[C@@]2(C(=O)N(c3cncc4ccccc34)C[C@@H]2Cn2ccnn2)c2cc(F)ccc2C1=O,6.27
CNC(=O)CN1C[C@@]2(C(=O)N(c3cncc4ccccc34)C[C@@H]2Cn2ncnn2)c2cc(Cl)ccc2C1=O,6.03
CNC(=O)CN1C[C@@]2(C(=O)N(c3cncc4ccccc34)C[C@@H]2N)c2cc(Cl)ccc2C1=O,7.29
CNC(=O)CN1C[C@@]2(C(=O)N(c3cncc4ccccc34)C[C@@H]2NC(C)=O)c2cc(Cl)ccc2C1=O,5.88
CNC(=O)CN1C[C@@]2(C(=O)N(c3cncc4ccccc34)C[C@@H]2NC(C)C)c2cc(Cl)ccc2C1=O,6.71
CNC(=O)CN1C[C@@]2(C(=O)N(c3cncc4ccccc34)C[C@@H]2NC)c2cc(Cl)ccc2C1=O,8.07
CNC(=O)CN1C[C@@]2(C(=O)N(c3cncc4ccccc34)C[C@@H]2NCC2CC2)c2cc(Cl)ccc2C1=O,8.65
CNC(=O)CN1C[C@@]2(C(=O)N(c3cncc4ccccc34)C[C@@H]2NS(C)(=O)=O)c2cc(Cl)ccc2C1=O,6.26
CNC(=O)CN1C[C@@]2(C(=O)N(c3cncc4ccccc34)C[C@H]2C)c2cc(Cl)ccc2C1=O,5.62
CNC(=O)CN1C[C@@]2(C(=O)N(c3cncc4ccccc34)C[C@H]2Cc2ccccc2)c2cc(Cl)ccc2C1=O,5.43
CNC(=O)CN1C[C@@]2(C(=O)N(c3cnccc3C3CC3)C[C@@H]2C)c2cc(Cl)ccc2C1=O,6.33
CNC(=O)CN1C[C@@]2(C[C@H](CO)N(c3cncc4ccccc34)C2=O)c2cc(Cl)ccc2C1=O,6.31
CNC(=O)CN1C[C@]2(C(=O)N(c3cncc4ccccc34)C/C2=C\F)c2cc(Cl)ccc2C1=O,6.75
CNC(=O)CN1C[C@]2(C(=O)N(c3cncc4ccccc34)CC2(C)C)c2cc(Cl)ccc2C1=O,5.18
CNC(=O)CN1C[C@]2(C(=O)N(c3cncc4ccccc34)CC23CC3)c2cc(Cl)ccc2C1=O,6.1
CNC(=O)CN1C[C@]2(C(=O)N(c3cncc4ccccc34)C[C@@H]2C)c2cc(F)ccc2C1=O,5.39
CNC(=O)CN1C[C@]2(C(=O)N(c3cncc4ccccc34)C[C@@H]2Cc2ccccc2)c2cc(Cl)ccc2C1=O,5.2
CNC(=O)CN1C[C@]2(C(=O)N(c3cncc4ccccc34)C[C@H]2CC2CC2)c2cc(Cl)ccc2C1=O,6.435
CNC(=O)CN1C[C@]2(C(=O)N(c3cncc4ccccc34)C[C@H]2CO)c2cc(Cl)ccc2C1=O,6.425
CNC(=O)CN1C[C@]2(C(=O)N(c3cncc4ccccc34)C[C@H]2COC)c2cc(Cl)ccc2C1=O,5.73
CNC(=O)CN1C[C@]2(C(=O)N(c3cncc4ccccc34)C[C@H]2Cc2ccccc2)c2cc(Cl)ccc2C1=O,5.81
CNC(=O)CN1C[C@]2(C(=O)N(c3cncc4ccccc34)C[C@H]2OCC2CC2)c2cc(Cl)ccc2C1=O,8.28
CNC(=O)CN1C[C@]2(C(=O)N(c3cncc4ccccc34)c3ccccc32)c2cc(F)ccc2C1=O,5.953333333333333
CNC(=O)CN1C[C@]2(CCN(c3cncc4ccc(OC[C@H](O)CN(C)C)cc34)C2=O)c2cc(Cl)ccc2C1=O,7.44
CNC(=O)CN1C[C@]2(C[C@H](COC)N(c3cncc4ccccc34)C2=O)c2cc(Cl)ccc2C1=O,4.27
CNC(=O)C[C@@H]1CCCCN1C(=O)Cc1cncc2ccccc12,4.34
CNC(=O)[C@@H](C)N1C[C@@]2(C(=O)N(c3cncc4ccccc34)C[C@@H]2C)c2cc(Cl)ccc2C1=O,7.23
CNC(=O)[C@@H](C)N1C[C@@]2(C(=O)N(c3cncc4ccccc34)C[C@@H]2C)c2cc(F)ccc2C1=O,7.62
CNC(=O)[C@@H](C)N1C[C@H](C(=O)Nc2cncc3ccccc23)c2cc(Cl)ccc2C1=O,6.705
CNC(=O)[C@H](C)N1C[C@H](C(=O)Nc2cncc3ccccc23)c2cc(Cl)ccc2C1=O,6.9
CNC(=O)c1cc(Br)cc([N+](=O)[O-])c1N[C@@H]1CCCC[C@@H]1NC(=O)c1cncc2ccccc12,8.22
CNC(=O)c1ccc2c(c1)[C@@H](C(=O)Nc1cncc3ccccc13)CN(C)C2=O,4.4
CNCCN1C[C@@]2(C(=O)N(c3cncc4ccccc34)C[C@@H]2C)c2cc(Cl)ccc2C1=O,7.43
CNCCN1C[C@@]2(C(=O)N(c3cncc4ccccc34)C[C@@H]2C)c2cc(F)ccc2C1=O,6.9
CNCCN1C[C@@]2(C(=O)N(c3cncc4ccccc34)C[C@@H]2CNc2ncncn2)c2cc(Cl)ccc2C1=O,7.4
CNCCN1C[C@@]2(C(=O)N(c3cncc4ccccc34)C[C@@H]2COCC2(F)CC2)c2cc(Cl)ccc2C1=O,7.7
CNCCN1C[C@@]2(C(=O)N(c3cncc4ccccc34)C[C@@H]2COCC2(F)COC2)c2cc(Cl)ccc2C1=O,6.89
CNCCN1C[C@@]2(C(=O)N(c3cncc4ccccc34)C[C@@H]2COCC2CC2)c2cc(Cl)ccc2C1=O,7.94
CNCCN1C[C@@]2(C(=O)N(c3cncc4ccccc34)C[C@@H]2COCC2COC2)c2cc(Cl)ccc2C1=O,6.92
CNCCN1C[C@@]2(C(=O)N(c3cncc4ccccc34)C[C@@H]2COCC2CS(=O)(=O)C2)c2cc(Cl)ccc2C1=O,7.26
CNCCN1C[C@@]2(C(=O)N(c3cncc4ccccc34)C[C@@H]2CS(=O)(=O)N(C)C)c2cc(Cl)ccc2C1=O,7.12
CNCCN1C[C@H](C(=O)Nc2cncc3ccccc23)c2cc(Cl)ccc2C1=O,6.96
CNS(=O)(=O)OCC(=O)N1CCN(Cc2cccc(Cl)c2)[C@H](CC(C)C)C1,5.78
CNS(=O)(=O)OCC(=O)N1CCN(Cc2cccc(Cl)c2)[C@H]2CS(=O)(=O)C[C@H]21,6.38
CNS(=O)(=O)OCC(=O)N1CCN(S(=O)(=O)c2ccsc2)[C@H](C(=O)NCc2ccccn2)C1,4.79
CNS(=O)(=O)OCC(=O)N[C@H](C)c1cc(Cl)cc(-c2ccc(S(N)(=O)=O)cc2)c1,5.76
CNS(=O)(=O)[C@H]1CCCN(C(=O)Cc2cncc3ccccc23)C1,4.25
CN[C@@H](C)CN1C[C@H](C(=O)Nc2cncc3ccccc23)c2cc(Cl)ccc2C1=O,6.79
CN[C@H](C)CN1C[C@H](C(=O)Nc2cncc3ccccc23)c2cc(Cl)ccc2C1=O,6.88
COC(=O)N[C@H](C(=O)N1C[C@H](C(F)(F)F)C[C@H]1C(=O)N[C@H](C#N)C[C@@H]1CCNC1=O)C(C)(C)C,7.223333333333334
COC(=O)[C@H]1CCCN(C(=O)Cc2cncc3ccccc23)C1,4.49
COC(C)(C)C1CCN(C(=O)Cc2cncc3ccccc23)CC1,5.08
COC1(C)CCN(C(=O)Cc2cncc3ccccc23)CC1,4.76
COC1CC2(CCN(C(=O)Cc3cncc4ccccc34)CC2)C1,5.36
COC1CCN(C(=O)Cc2cncc3ccccc23)CC1,4.59
COCC(=O)[C@H]1CCCCN1C(=O)Cc1cncc2ccccc12,4.06
COCC1(C)CCN(C(=O)Cc2cncc3ccccc23)CC1,4.93
COCC1(CC2CC2)CCN(C(=O)Cc2cncc3ccccc23)CC1,4.92
COCC1(F)CCN(C(=O)Cc2cncc3ccccc23)CC1,4.63
COCC1CCN(C(=O)Cc2cncc3ccccc23)CC1,4.89
COCCC1CCN(C(=O)Cc2cncc3ccccc23)CC1,5.0
COC[C@@H]1[C@H]2CCN(C(=O)Cc3cncc4ccccc34)C[C@H]21,4.26
COC[C@H]1CC12CCN(C(=O)Cc1cncc3ccccc13)CC2,4.59
COC[C@H]1CCCCN1C(=O)Cc1cncc2ccccc12,4.265000000000001
COC[C@H]1CCCN(C(=O)Cc2cncc3ccccc23)C1,4.14
COC[C@H]1CC[C@@H](c2ccc(F)cc2)N1C(=O)Cc1cncc2ccccc12,5.01
COC[C@H]1CN(c2cncc3ccccc23)C(=O)[C@@]12CN(C)C(=O)c1ccc(Cl)cc12,5.48
COC[C@H]1CN(c2cncc3ccccc23)C(=O)[C@@]12CN(Cc1c[nH]cn1)C(=O)c1ccc(Cl)cc12,7.17
COC[C@H]1CN(c2cncc3ccccc23)C(=O)[C@@]12CN(Cc1ccn[nH]1)C(=O)c1ccc(Cl)cc12,7.44
COC[C@H]1CN(c2cncc3ccccc23)C(=O)[C@@]12CN(Cc1cn[nH]c1)C(=O)c1ccc(Cl)cc12,7.26
COC[C@H]1CN(c2cncc3ccccc23)C(=O)[C@@]12CN(Cc1ncc[nH]1)C(=O)c1ccc(Cl)cc12,7.32
COC[C@H]1c2ccsc2CCN1C(=O)Cc1cncc2ccccc12,6.1000000000000005
COCc1cccc([C@H]2CCCCN2C(=O)Cc2cncc3ccccc23)c1,5.06
CO[C@@H](C)CN1C[C@@]2(C(=O)N(c3cncc4ccccc34)C[C@@H]2C)c2cc(Cl)ccc2C1=O,7.11
CO[C@@H](C)CN1C[C@@]2(C(=O)N(c3cncc4ccccc34)C[C@@H]2C)c2cc(F)ccc2C1=O,6.97
CO[C@@H](C)CN1C[C@H](C(=O)Nc2cncc3ccccc23)c2cc(Cl)ccc2C1=O,5.755
CO[C@@H]1CN(C(=O)Cc2cncc3ccccc23)CC[C@H]1C,5.07
CO[C@@H]1C[C@@H]2C[C@H]1CN2C(=O)Cc1cncc2ccccc12,4.27
CO[C@H](C)C1CCN(C(=O)Cc2cncc3ccccc23)CC1,5.34
CO[C@H](C)CN1C[C@H](C(=O)Nc2cncc3ccccc23)c2cc(Cl)ccc2C1=O,6.59
CO[C@H]1CCN(C(=O)Cc2cncc3ccccc23)C[C@H]1C,4.45
CO[C@H]1CCN(C(=O)Cc2cncc3ccccc23)[C@@H](C)C1,4.55
CO[C@H]1CCN2C(=O)N(c3cncc4ccccc34)C(=O)[C@@H]2C1,4.03
CO[C@H]1CC[C@@H]2C(=O)N(c3cncc4ccccc34)C(=O)N2C1,4.324999999999999
CO[C@H]1[C@H]2C[C@H]3CN(C(=O)Cc4cncc5ccccc45)[C@H]1[C@H]3C2,4.23
CO[C@]1(C(F)(F)F)CCN(C(=O)Cc2cncc3ccccc23)C1,5.15
COc1cc(CNC(=O)CN2Cc3ccc(Cl)cc3[C@H](C(=O)Nc3cncc4ccccc34)C2)cc(OC)c1,7.16
COc1cc2cncc(CC(=O)N(Cc3cccc(Cl)c3)c3ccc(N(C)C)cn3)c2cc1OC,5.84
COc1ccc(C(=O)Nc2cccc(/C=C3/C(=O)NC(=O)c4ccccc43)c2)cc1,5.04
COc1ccc(C)cc1CC(=O)Nc1cncc2ccccc12,5.25
COc1ccc(CNC(=O)CN2Cc3ccc(Cl)cc3[C@H](C(=O)Nc3cncc4ccccc34)C2)cc1,7.08
COc1ccc(CNC(=O)CN2Cc3ccc(Cl)cc3[C@H](C(=O)Nc3cncc4ccccc34)C2)cc1OC,6.94
COc1ccc(CNc2cnc([C@H](NC(=O)CCl)c3ccccc3)s2)c(OC)c1,4.33
COc1ccc(N(Cc2cccc(Cl)c2)C(=O)Cc2cccnc2)cc1,4.99
COc1ccc(N(Cc2cccc(Cl)c2)C(=O)Cc2cncc(C)c2)cc1,5.78
COc1ccc(N(Cc2cccc(Cl)c2)C(=O)Cc2cncc3ccccc23)cc1,5.92
COc1ccc(N(Cc2cccc(Cl)c2)C(=O)Cc2cnccc2C)cc1,5.44
COc1ccc(N(Cc2ccccc2)C(=O)Cc2cncc3ccccc23)cc1,5.37
COc1ccc([C@H]2CCCCN2C(=O)Cc2cncc3ccccc23)cc1F,4.85
COc1ccc2[nH]cc(CCNC(=O)c3cncc4ccccc34)c2c1,4.24
COc1ccc2cncc(CC(=O)N(Cc3cccc(Cl)c3)c3ccc(N(C)C)cn3)c2c1,6.69
COc1cccc(CNC(=O)CN2C[C@@]3(C(=O)N(c4cncc5ccccc45)C[C@@H]3C)c3cc(Cl)ccc3C2=O)c1,7.16
COc1cccc(CNC(=O)CN2C[C@@]3(C(=O)N(c4cncc5ccccc45)C[C@@H]3C)c3ccccc3C2=O)c1,6.31
COc1cccc(CNC(=O)CN2C[C@]3(C(=O)N(c4cncc5ccccc45)C[C@@H]3C)c3ccccc3C2=O)c1,4.59
COc1cccc(CNC(=O)CN2Cc3ccc(Cl)cc3[C@H](C(=O)Nc3cncc4ccccc34)C2)c1,7.08
COc1cccc(C[C@H]2CCCN2C(=O)Cc2cncc3ccccc23)c1,5.29
COc1cccc([C@H](C)[C@H]2CCN(C(=O)Cc3cncc4ccccc34)C2)c1,4.79
COc1cccc([C@H]2CCN(C(=O)Cc3cncc4ccccc34)C2)c1,4.43
COc1cccc([C@H]2C[C@H](C)CN2C(=O)Cc2cncc3ccccc23)c1,5.02
COc1cccc([C@]2(F)CCN(C(=O)Cc3cncc4ccccc34)C2)c1,4.87
COc1ccccc1CNC(=O)CN1Cc2ccc(Cl)cc2[C@H](C(=O)Nc2cncc3ccccc23)C1,6.96
COc1ccccc1C[C@H]1CCCN1C(=O)Cc1cncc2ccccc12,4.41
COc1ccccc1C[C@H]1CCN(C(=O)Cc2cncc3ccccc23)C1,4.88
COc1ccccc1OC[C@H]1CCCN1C(=O)Cc1cncc2ccccc12,4.14
COc1ccccc1[C@@H]1C[C@H](C)CCN1C(=O)Cc1cncc2ccccc12,6.013333333333333
COc1ccccc1[C@H]1CC(C)(C)CCN1C(=O)Cc1cncc2ccccc12,6.46
COc1ccccc1[C@H]1CCCCN1C(=O)Cc1cncc2ccccc12,4.98
COc1ccccc1[C@H]1C[C@H](C)CCN1C(=O)Cc1cncc2ccccc12,5.68
CS(=O)(=O)CC[C@H]1CCCCN1C(=O)Cc1cncc2ccccc12,4.06
CS(=O)(=O)C[C@@H]1C[C@@H]2CCC[C@@H]2N1C(=O)Cc1cncc2ccccc12,4.22
C[C@@H](O)C1CCN(C(=O)Cc2cncc3ccccc23)CC1,4.32
C[C@@H](O)CN1C[C@H](C(=O)Nc2cncc3ccccc23)c2cc(Cl)ccc2C1=O,5.8100000000000005
C[C@@H]1CC(=O)[C@@H](C)CN1C(=O)Cc1cncc2ccccc12,4.14
C[C@@H]1CCN(C(=O)Cc2cncc3ccccc23)[C@H](C)C1,5.68
C[C@@H]1CN(C(=O)Cc2cncc3ccccc23)CC[C@@H]1C,5.23
C[C@@H]1CN(CCN2C[C@@]3(C(=O)N(c4cncc5ccccc45)C[C@@H]3C)c3cc(Cl)ccc3C2=O)CCO1,7.64
C[C@@H]1CN(CCN2C[C@@]3(C(=O)N(c4cncc5ccccc45)C[C@@H]3C)c3cc(Cl)ccc3C2=O)C[C@@H](C)O1,7.52
C[C@@H]1CN(CCN2C[C@@]3(C(=O)N(c4cncc5ccccc45)C[C@@H]3C)c3cc(Cl)ccc3C2=O)C[C@H](C)O1,7.57
C[C@@H]1CN(CCN2C[C@@]3(C(=O)N(c4cncc5ccccc45)C[C@@H]3C)c3cc(Cl)ccc3C2=O)[C@H](C)CO1,7.85
C[C@@H]1COC[C@@H](C)N1CCN1C[C@@]2(C(=O)N(c3cncc4ccccc34)C[C@@H]2C)c2cc(Cl)ccc2C1=O,7.85
C[C@@H]1COC[C@H](C)N1CCN1C[C@@]2(C(=O)N(c3cncc4ccccc34)C[C@@H]2C)c2cc(Cl)ccc2C1=O,7.28
C[C@@H]1[C@H]2CN(C(=O)Cc3cncc4ccccc34)CC[C@@H]12,5.58
C[C@@H]1[C@H]2CN(C(=O)Cc3cncc4ccccc34)C[C@@H]12,5.0
C[C@H](C(=O)N1CCc2sccc2C1)c1cncc2ccccc12,4.09
C[C@H](C(=O)Nc1cncc2ccccc12)c1cccc(Cl)c1,5.94
C[C@H](CO)C[C@H]1CN(C(=O)CCl)CCN1Cc1cccc(Cl)c1,6.32
C[C@H](F)[C@H]1CCCN1C(=O)Cc1cncc2ccccc12,4.07
C[C@H](N(Cc1ccccc1)C(=O)Cc1cncc2ccccc12)C(F)(F)F,4.33
C[C@H](NC(=O)COS(N)(=O)=O)c1cc(Cl)cc(-c2ccc(S(N)(=O)=O)cc2)c1,5.75
C[C@H](NC(=O)c1cncc2ccccc12)c1nc2ccccc2n1C,4.06
C[C@H](O)CN1C[C@H](C(=O)Nc2cncc3ccccc23)c2cc(Cl)ccc2C1=O,6.085
C[C@H](O)[C@H]1CCCN(C(=O)Cc2cncc3ccccc23)C1,4.08
C[C@H](OC(C)(C)C)[C@@H](NC(=O)OCc1cccc(OCCCCCCOc2cccc3c2C(=O)N([C@H]2CCC(=O)NC2=O)C3=O)c1)C(=O)N[C@H](CC1CCCCC1)C(=O)N[C@H](C=O)C[C@@H]1CCNC1=O,5.41
C[C@H](c1ccccc1)N(C(=O)Cc1cncc2ccccc12)C1CCN(C)CC1,4.7
C[C@H](c1ccccc1)N(Cc1ccccc1)C(=O)Cc1cncc2ccccc12,5.15
C[C@H](c1ccccc1)[C@H]1CCCN(C(=O)Cc2cncc3ccccc23)C1,4.77
C[C@H]1CC(F)(F)CCN1C(=O)Cc1cncc2ccccc12,5.366666666666667
C[C@H]1CCCCCN1C(=O)Cc1cncc2ccccc12,4.9
C[C@H]1CCCCN(C(=O)Cc2cncc3ccccc23)C1,4.87
C[C@H]1CCCCN1C(=O)Cc1cncc2ccccc12,4.37
C[C@H]1CCCN(C(=O)Cc2cncc3ccccc23)C1,4.63
C[C@H]1CCCN(C(=O)Cc2cncc3ccccc23)CC1,5.68
C[C@H]1CCCN(C(=O)Cc2cncc3ccccc23)[C@H]1C,4.609999999999999
C[C@H]1CCC[C@@H](CNC(=O)C(F)(F)F)N1C(=O)Cc1cncc2ccccc12,4.42
C[C@H]1CCC[C@H](CCN(C)C)N1C(=O)Cc1cncc2ccccc12,4.24
C[C@H]1CCN(C(=O)Cc2cncc3ccccc23)C1,4.44
C[C@H]1CCN(C(=O)Cc2cncc3ccccc23)CC1(F)F,5.4
C[C@H]1CCN(C(=O)Cc2cncc3ccccc23)CCO1,4.35
C[C@H]1CCN(C(=O)Cc2cncc3ccccc23)C[C@@H]1C,5.57
C[C@H]1CCN(C(=O)Cc2cncc3ccccc23)C[C@@H]1O,4.6
C[C@H]1CCN(C(=O)Cc2cncc3ccccc23)C[C@H]1F,5.51
C[C@H]1CCN(C(=O)Cc2cncc3ccccc23)Cc2ccsc21,5.9
C[C@H]1CCN(C(=O)Cc2cncc3ccccc23)[C@@H](C(F)(F)F)C1,5.43
C[C@H]1CCN(C(=O)Cc2cncc3ccccc23)[C@@H](C)C1,5.49
C[C@H]1CCN(C(=O)Cc2cncc3ccccc23)[C@@H](C2CCOCC2)C1,5.206666666666667
C[C@H]1CCN(C(=O)Cc2cncc3ccccc23)[C@H]2C(=O)NC[C@@H]12,5.35
C[C@H]1CCN(C(=O)Cc2cncc3ccccc23)[C@H]2C(=O)NC[C@H]12,5.28
C[C@H]1CCN2C(=O)N(c3cncc4ccccc34)C(=O)[C@@H]2C1,4.109999999999999
C[C@H]1CCN2C(=O)N(c3cncc4ccccc34)C(=O)[C@H]2C1,4.12
C[C@H]1CC[C@@H]2C(=O)N(c3cncc4ccccc34)C(=O)N2C1,4.43
C[C@H]1CC[C@@]2(CN1S(C)(=O)=O)NC(=O)N(c1cncc3ccccc13)C2=O,4.12
C[C@H]1CC[C@H](c2ccccc2)N(C(=O)Cc2cncc3ccccc23)C1,5.02
C[C@H]1CC[C@H]2C(=O)N(c3cncc4ccccc34)C(=O)N2C1,4.37
C[C@H]1CC[C@H]2CCCN(C(=O)Cc3cncc4ccccc34)[C@H]2C1,4.92
C[C@H]1CC[C@]2(CN1S(C)(=O)=O)NC(=O)N(c1cncc3ccccc13)C2=O,4.45
C[C@H]1CC[C@]2(CO1)NC(=O)N(c1cncc3ccccc13)C2=O,4.19
C[C@H]1CN(C(=O)Cc2cncc3ccccc23)CCC12COC2,4.03
C[C@H]1CN(C(=O)Cc2cncc3ccccc23)CCO1,4.09
C[C@H]1CN(C(=O)Cc2cncc3ccccc23)Cc2c[nH]nc21,4.09
C[C@H]1CN(C(=O)Cc2cncc3ccccc23)Cc2ccsc21,5.653333333333333
C[C@H]1CN(CCN2C[C@@]3(C(=O)N(c4cncc5ccccc45)C[C@@H]3C)c3cc(Cl)ccc3C2=O)CCO1,7.57
C[C@H]1CN(CCN2C[C@@]3(C(=O)N(c4cncc5ccccc45)C[C@@H]3C)c3cc(Cl)ccc3C2=O)C[C@H](C)O1,7.61
C[C@H]1CN(CCN2C[C@@]3(C(=O)N(c4cncc5ccccc45)C[C@@H]3C)c3cc(Cl)ccc3C2=O)[C@@H](C)CO1,7.87
C[C@H]1CN(c2cncc3ccccc23)C(=O)[C@@]12CN(C1CCNCC1)C(=O)c1ccc(Cl)cc12,7.62
C[C@H]1CN(c2cncc3ccccc23)C(=O)[C@@]12CN(C1CNC1)C(=O)c1ccc(Cl)cc12,7.27
C[C@H]1CN(c2cncc3ccccc23)C(=O)[C@@]12CN(CC#N)C(=O)c1ccc(F)cc12,6.17
C[C@H]1CN(c2cncc3ccccc23)C(=O)[C@@]12CN(CC(=O)NC(C)(C)C)C(=O)c1ccc(Cl)cc12,6.19
C[C@H]1CN(c2cncc3ccccc23)C(=O)[C@@]12CN(CC(=O)NC(C)(C)C)C(=O)c1ccc(F)cc12,6.53
C[C@H]1CN(c2cncc3ccccc23)C(=O)[C@@]12CN(CC(=O)NC1CCC1)C(=O)c1ccc(Cl)cc12,7.09
C[C@H]1CN(c2cncc3ccccc23)C(=O)[C@@]12CN(CC(=O)NC1CCC1)C(=O)c1ccc(F)cc12,6.76
C[C@H]1CN(c2cncc3ccccc23)C(=O)[C@@]12CN(CC(=O)NC1COC1)C(=O)c1ccc(Cl)cc12,6.77
C[C@H]1CN(c2cncc3ccccc23)C(=O)[C@@]12CN(CC(=O)NC1COC1)C(=O)c1ccc(F)cc12,6.44
C[C@H]1CN(c2cncc3ccccc23)C(=O)[C@@]12CN(CC(=O)NCC1(F)CC1)C(=O)c1ccc(Cl)cc12,7.03
C[C@H]1CN(c2cncc3ccccc23)C(=O)[C@@]12CN(CC(=O)NCC1(F)CC1)C(=O)c1ccc(F)cc12,6.89
C[C@H]1CN(c2cncc3ccccc23)C(=O)[C@@]12CN(CC(=O)NCC1CC1)C(=O)c1ccc(Cl)cc12,7.23
C[C@H]1CN(c2cncc3ccccc23)C(=O)[C@@]12CN(CC(=O)NCC1CC1)C(=O)c1ccc(F)cc12,7.3
C[C@H]1CN(c2cncc3ccccc23)C(=O)[C@@]12CN(CC(=O)NCc1ccn(C)n1)C(=O)c1ccc(Cl)cc12,6.91
C[C@H]1CN(c2cncc3ccccc23)C(=O)[C@@]12CN(CC(=O)NCc1ccn(C)n1)C(=O)c1ccccc12,5.59
C[C@H]1CN(c2cncc3ccccc23)C(=O)[C@@]12CN(CC(=O)NCc1ccnn1C)C(=O)c1ccc(Cl)cc12,7.42
C[C@H]1CN(c2cncc3ccccc23)C(=O)[C@@]12CN(CC(=O)NCc1ccnn1C)C(=O)c1ccccc12,5.82
C[C@H]1CN(c2cncc3ccccc23)C(=O)[C@@]12CN(CCN(C)C)C(=O)c1ccc(Cl)cc12,7.38
C[C@H]1CN(c2cncc3ccccc23)C(=O)[C@@]12CN(CCN1CC(F)(F)C1)C(=O)c1ccc(Cl)cc12,7.95
C[C@H]1CN(c2cncc3ccccc23)C(=O)[C@@]12CN(CCN1CCC1)C(=O)c1ccc(Cl)cc12,7.4
C[C@H]1CN(c2cncc3ccccc23)C(=O)[C@@]12CN(CCN1CCC3(COC3)C1)C(=O)c1ccc(Cl)cc12,7.57
C[C@H]1CN(c2cncc3ccccc23)C(=O)[C@@]12CN(CCN1CCCC1=O)C(=O)c1ccc(Cl)cc12,7.01
C[C@H]1CN(c2cncc3ccccc23)C(=O)[C@@]12CN(CCN1CCN(S(C)(=O)=O)CC1)C(=O)c1ccc(Cl)cc12,7.66
C[C@H]1CN(c2cncc3ccccc23)C(=O)[C@@]12CN(CCN1CCOC(C)(C)C1)C(=O)c1ccc(Cl)cc12,7.43
C[C@H]1CN(c2cncc3ccccc23)C(=O)[C@@]12CN(CCN1CCOC(F)(F)C1)C(=O)c1ccc(Cl)cc12,7.89
C[C@H]1CN(c2cncc3ccccc23)C(=O)[C@@]12CN(CCN1CCOCC1)C(=O)c1ccc(Cl)cc12,7.6
C[C@H]1CN(c2cncc3ccccc23)C(=O)[C@@]12CN(CCN1CCOCC1)C(=O)c1ccc(F)cc12,7.54
C[C@H]1CN(c2cncc3ccccc23)C(=O)[C@@]12CN(CCN1CCS(=O)(=O)CC1)C(=O)c1ccc(Cl)cc12,7.72
C[C@H]1CN(c2cncc3ccccc23)C(=O)[C@@]12CN(CCN1C[C@@H]3C[C@H]1CO3)C(=O)c1ccc(Cl)cc12,8.0
C[C@H]1CN(c2cncc3ccccc23)C(=O)[C@@]12CN(CCN1C[C@H]3CC[C@H](C1)O3)C(=O)c1ccc(Cl)cc12,7.66
C[C@H]1CN(c2cncc3ccccc23)C(=O)[C@@]12CN(CCN1C[C@H]3COC[C@H]3C1)C(=O)c1ccc(Cl)cc12,7.79
C[C@H]1CN(c2cncc3ccccc23)C(=O)[C@@]12CN(CCN1C[C@H]3C[C@@H]1CO3)C(=O)c1ccc(Cl)cc12,7.89
C[C@H]1CN(c2cncc3ccccc23)C(=O)[C@@]12CN(Cc1c[nH]cn1)C(=O)c1ccc(F)cc12,7.57
C[C@H]1CN(c2cncc3ccccc23)C(=O)[C@@]12CN(Cc1c[nH]nn1)C(=O)c1ccc(F)cc12,7.31
C[C@H]1CN(c2cncc3ccccc23)C(=O)[C@@]12CN(Cc1cc(O)ncn1)C(=O)c1ccc(F)cc12,6.47
C[C@H]1CN(c2cncc3ccccc23)C(=O)[C@@]12CN(Cc1ccn(C)n1)C(=O)c1ccc(F)cc12,7.82
C[C@H]1CN(c2cncc3ccccc23)C(=O)[C@@]12CN(Cc1ccn[nH]1)C(=O)c1ccc(F)cc12,7.87
C[C@H]1CN(c2cncc3ccccc23)C(=O)[C@@]12CN(Cc1ccncn1)C(=O)c1ccc(F)cc12,8.02
C[C@H]1CN(c2cncc3ccccc23)C(=O)[C@@]12CN(Cc1ccnn1C)C(=O)c1ccc(F)cc12,7.08
C[C@H]1CN(c2cncc3ccccc23)C(=O)[C@@]12CN(Cc1ccnnc1)C(=O)c1ccc(F)cc12,7.97
C[C@H]1CN(c2cncc3ccccc23)C(=O)[C@@]12CN(Cc1ccon1)C(=O)c1ccc(F)cc12,7.86
C[C@H]1CN(c2cncc3ccccc23)C(=O)[C@@]12CN(Cc1cn[nH]c1)C(=O)c1ccc(F)cc12,7.29
C[C@H]1CN(c2cncc3ccccc23)C(=O)[C@@]12CN(Cc1cnn(C)c1)C(=O)c1ccc(F)cc12,8.06
C[C@H]1CN(c2cncc3ccccc23)C(=O)[C@@]12CN(Cc1cnn(C)n1)C(=O)c1ccc(F)cc12,7.46
C[C@H]1CN(c2cncc3ccccc23)C(=O)[C@@]12CN(Cc1cocn1)C(=O)c1ccc(F)cc12,7.46
C[C@H]1CN(c2cncc3ccccc23)C(=O)[C@@]12CN(Cc1nc[nH]n1)C(=O)c1ccc(F)cc12,6.68
C[C@H]1CN(c2cncc3ccccc23)C(=O)[C@@]12CN(Cc1ncc[nH]1)C(=O)c1ccc(F)cc12,7.75
C[C@H]1CN(c2cncc3ccccc23)C(=O)[C@@]12CN(Cc1ncccn1)C(=O)c1ccc(F)cc12,6.25
C[C@H]1CN(c2cncc3ccccc23)C(=O)[C@@]12CN(Cc1nccn1C)C(=O)c1ccc(F)cc12,6.44
C[C@H]1CN(c2cncc3ccccc23)C(=O)[C@@]12CN(Cc1ncco1)C(=O)c1ccc(F)cc12,6.92
C[C@H]1CN(c2cncc3ccccc23)C(=O)[C@@]12CN(Cc1ncn(C)n1)C(=O)c1ccc(F)cc12,6.32
C[C@H]1CN(c2cncc3ccccc23)C(=O)[C@@]12CN(Cc1nncn1C)C(=O)c1ccc(F)cc12,6.37
C[C@H]1CN(c2cncc3ccccc23)C(=O)[C@@]12CN(Cc1nnn(C)n1)C(=O)c1ccc(F)cc12,6.65
C[C@H]1CN(c2cncc3ccccc23)C(=O)[C@@]12CN(Cc1nnn[nH]1)C(=O)c1ccc(F)cc12,5.67
C[C@H]1CN(c2cncc3ccccc23)C(=O)[C@@]12CN(Cc1nnnn1C)C(=O)c1ccc(F)cc12,6.41
C[C@H]1CN(c2cncc3ccccc23)C(=O)[C@@]12CN1CC(=O)NN=C1c1ccc(Cl)cc12,6.35
C[C@H]1CN(c2cncc3ccccc23)C(=O)[C@@]12Cn1nncc1-c1ccc(Cl)cc12,6.18
C[C@H]1CN(c2cncc3ccccc23)C(=O)[C@]12Cn1nncc1-c1ccc(Cl)cc12,4.11
C[C@H]1COC[C@@]2(C1)NC(=O)N(c1cncc3ccccc13)C2=O,4.24
C[C@H]1COC[C@H](C)N1CCN1C[C@@]2(C(=O)N(c3cncc4ccccc34)C[C@@H]2C)c2cc(Cl)ccc2C1=O,8.02
C[C@H]1COC[C@]2(C1)NC(=O)N(c1cncc3ccccc13)C2=O,5.21
C[C@H]1COc2ccccc2[C@H]1C(=O)Nc1cncc2ccccc12,4.71
C[C@H]1C[C@@H](C(C)(F)F)CCN1C(=O)Cc1cncc2ccccc12,5.9
C[C@H]1C[C@@H](C(F)(F)F)CCN1C(=O)Cc1cncc2ccccc12,5.93
C[C@H]1C[C@@H](C)N(C(=O)Cc2cncc3ccccc23)[C@@H](C)C1,5.87
C[C@H]1C[C@H](C(C)(F)F)CCN1C(=O)Cc1cncc2ccccc12,6.2
C[C@H]1C[C@H](C)CN(C(=O)Cc2cncc3ccccc23)C1,4.28
C[C@H]1C[C@H](C)N(C(=O)Cc2cncc3ccccc23)C1,4.38
C[C@H]1C[C@H](C2CCCCC2)CN1C(=O)Cc1cncc2ccccc12,5.22
C[C@H]1C[C@H](c2ccccc2)CCN1C(=O)Cc1cncc2ccccc12,4.85
C[C@H]1C[C@H](c2ccccc2)N(C(=O)Cc2cncc3ccccc23)C1,4.82
C[C@H]1C[C@H](c2cccs2)CN1C(=O)Cc1cncc2ccccc12,5.11
C[C@H]1C[C@H](c2ccsc2)CN1C(=O)Cc1cncc2ccccc12,5.05
C[C@H]1C[C@H]2CC[C@@H](C1)N2C(=O)Cc1cncc2ccccc12,5.38
C[C@H]1C[C@H]2C[C@@H]1CN2C(=O)Cc1cncc2ccccc12,4.98
C[C@H]1Cc2sccc2CN1C(=O)Cc1cncc2ccccc12,6.113333333333333
C[C@H]1OCCC[C@]12NC(=O)N(c1cncc3ccccc13)C2=O,4.02
C[C@H]1[C@H]2CCCC[C@H]2CN1C(=O)Cc1cncc2ccccc12,5.02
C[C@H]1c2cccnc2CCN1C(=O)Cc1cncc2ccccc12,4.3
C[C@H]1c2ccsc2CCN1C(=O)Cc1cncc2ccccc12,5.8149999999999995
C[C@]1(c2ccc(F)cc2)CCN(C(=O)Cc2cncc3ccccc23)C1,4.84
C[C@]1(c2ccccc2)CCCN(C(=O)Cc2cncc3ccccc23)C1,4.57
Cc1cc(C)n(C[C@H]2CCCCN2C(=O)Cc2cncc3ccccc23)n1,4.19
Cc1cc(CN2C[C@@]3(C(=O)N(c4cncc5ccccc45)C[C@@H]3C)c3cc(F)ccc3C2=O)on1,7.91
Cc1cc(F)cc(CC(=O)Nc2cncc3ccccc23)c1,5.79
Cc1cc(F)ccc1C(F)(F)C(=O)Nc1cncc2ccccc12,4.56
Cc1cc(NC(=O)Nc2cn(CC(C)C)c(=O)c3ccccc23)no1,5.2
Cc1cc([C@H]2CCCCN2C(=O)Cc2cncc3ccccc23)[nH]n1,4.41
Cc1cc([C@H]2CCCCN2C(=O)Cc2cncc3ccccc23)on1,4.49
Cc1cc([C@H]2CCN(C(=O)Cc3cncc4ccccc34)C2)cs1,5.09
Cc1cc2c(cc1C)[C@H](C(=O)Nc1cncc3ccccc13)CO2,5.34
Cc1cc2c(s1)CCN(C(=O)Cc1cncc3ccccc13)C2,5.38
Cc1ccc(CCNC(=O)CN2Cc3ccc(Cl)cc3[C@H](C(=O)Nc3cncc4ccccc34)C2)cc1,7.12
Cc1ccc(CNC(=O)CN2Cc3ccc(Cl)cc3[C@H](C(=O)Nc3cncc4ccccc34)C2)cc1,6.96
Cc1ccc(C[C@H]2CCCN(C(=O)Cc3cncc4ccccc34)C2)cc1,4.55
Cc1ccc(F)c(CC(=O)Nc2cncc3ccccc23)c1,5.29
Cc1ccc(F)c(CN(C)C(=O)Cc2cncc3ccccc23)c1F,4.24
Cc1ccc(F)cc1C(F)(F)C(=O)Nc1cncc2ccccc12,5.0
Cc1ccc(F)cc1CC(=O)Nc1cncc2ccccc12,5.73
Cc1ccc([C@H](C(=O)Nc2cncc3ccccc23)C2CC2)cc1,4.73
Cc1ccc([C@H]2CCCCN2C(=O)Cc2cncc3ccccc23)cc1,4.82
Cc1ccc([C@H]2CCCN2C(=O)Cc2cncc3ccccc23)cc1,4.32
Cc1ccc2[nH]cc(CCNC(=O)CN3Cc4ccc(Cl)cc4[C@H](C(=O)Nc4cncc5ccccc45)C3)c2c1,7.12
Cc1ccc2c(n1)CCN(C(=O)Cc1cncc3ccccc13)C2,4.44
Cc1cccc(CC(=O)Nc2cncc3ccccc23)c1F,4.2
Cc1cccc(CN(C(=O)Cc2cncc3ccccc23)C2CC2)c1,5.04
Cc1cccc(CN(Cc2ccccn2)C(=O)Cc2cncc3ccccc23)c1,4.48
Cc1cccc([C@H]2CCCCN2C(=O)Cc2cncc3ccccc23)c1C,5.36
Cc1cccc2[nH]c(CNC(=O)c3cncc4ccccc34)cc12,4.87
Cc1ccccc1C[C@H]1CCCN1C(=O)Cc1cncc2ccccc12,4.43
Cc1ccccc1NC(=O)C[C@H]1SC(=O)N(c2ccccc2)C1=O,6.23
Cc1ccccc1[C@H]1C[C@H](C)N(C(=O)Cc2cncc3ccccc23)C1,4.86
Cc1ccnc([C@H]2CCN(C(=O)Cc3cncc4ccccc34)C2)c1,4.06
Cc1cnc(CN2C[C@@]3(C(=O)N(c4cncc5ccccc45)C[C@@H]3C)c3cc(F)ccc3C2=O)cn1,7.15
Cc1cnc2c(c1)CN(C(=O)Cc1cncc3ccccc13)CC2,5.03
Cc1cncc(CC(=O)N2CCc3sccc3C2)c1,5.3
Cc1cncc(CC(=O)Nc2cncc3ccccc23)c1,4.99
Cc1csc(C[C@H]2CCCN(C(=O)Cc3cncc4ccccc34)C2)n1,4.17
Cc1csc([C@H]2CCCN(C(=O)Cc3cncc4ccccc34)C2)n1,4.19
Cc1csc([C@H]2CCCN2C(=O)Cc2cncc3ccccc23)n1,4.32
Cc1csc2c1CN(C(=O)Cc1cncc3ccccc13)CC2,6.48
Cc1nc(CN2C[C@@]3(C(=O)N(c4cncc5ccccc45)C[C@@H]3C)c3cc(F)ccc3C2=O)c[nH]1,7.56
Cc1nc(CN2C[C@@]3(C(=O)N(c4cncc5ccccc45)C[C@@H]3C)c3cc(F)ccc3C2=O)co1,8.04
Cc1nc(CN2C[C@@]3(C(=O)N(c4cncc5ccccc45)C[C@@H]3C)c3cc(F)ccc3C2=O)no1,6.68
Cc1nc([C@H]2CCCN2C(=O)Cc2cncc3ccccc23)cs1,4.67
Cc1nc2c(n1C)CCN(C(=O)Cc1cncc3ccccc13)C2,4.4
Cc1nc2ccc(N(Cc3cccc(Cl)c3)C(=O)Cc3cncc4ccccc34)cc2[nH]1,6.47
Cc1ncc(-c2cccc(Cl)c2)c(=O)n1-c1cncc2ccccc12,4.8
Cc1ncc(CN2C[C@@]3(C(=O)N(c4cncc5ccccc45)C[C@@H]3C)c3cc(F)ccc3C2=O)o1,7.09
Cc1nccc(CN2C[C@@]3(C(=O)N(c4cncc5ccccc45)C[C@@H]3CNc3nnc(C(F)(F)F)o3)c3cc(Cl)ccc3C2=O)n1,7.89
Cc1nccc(CN2C[C@@]3(C(=O)N(c4cncc5ccccc45)C[C@@H]3CNc3nnc(C(F)(F)F)s3)c3cc(Cl)ccc3C2=O)n1,7.36
Cc1nccc(CN2C[C@@]3(C(=O)N(c4cncc5ccccc45)C[C@@H]3CNc3nnc(C)o3)c3cc(Cl)ccc3C2=O)n1,7.75
Cc1nccc(CN2C[C@@]3(C(=O)N(c4cncc5ccccc45)C[C@@H]3CNc3nnco3)c3cc(Cl)ccc3C2=O)n1,8.64
Cc1nccc(CN2C[C@@]3(C(=O)N(c4cncc5ccccc45)C[C@@H]3CNc3nncs3)c3cc(Cl)ccc3C2=O)n1,8.6
Cc1nnc(CN2C[C@@]3(C(=O)N(c4cncc5ccccc45)C[C@@H]3CNc3ccncn3)c3cc(Cl)ccc3C2=O)o1,7.54
Cc1nnc(NC[C@H]2CN(c3cncc4ccccc34)C(=O)[C@@]23CN(Cc2cc[nH]n2)C(=O)c2ccc(Cl)cc23)o1,7.68
Cc1nnc(NC[C@H]2CN(c3cncc4ccccc34)C(=O)[C@@]23CN(Cc2cc[nH]n2)C(=O)c2ccc(Cl)cc23)s1,7.62
Cc1nnc(Sc2cc(-c3ccccc3)nc3ncnn23)n1C,5.2
Cc1nnc([C@H]2CCCCN2C(=O)Cc2cncc3ccccc23)o1,4.01
Cn1c(CNC(=O)c2cncc3ccccc23)nc2ccccc21,4.07
Cn1c(Cc2ccccc2)nn(-c2cncc3ccccc23)c1=O,5.04
Cn1cc([C@H]2CCCCN2C(=O)Cc2cncc3ccccc23)cn1,4.27
Cn1cc([C@H]2CCCN2C(=O)Cc2cncc3ccccc23)c(C(F)F)n1,4.31
Cn1cc([C@H]2CCCN2C(=O)Cc2cncc3ccccc23)c2ccccc21,4.76
Cn1cc([C@H]2CN(C(=O)Cc3cncc4ccccc34)CC2(C)C)cn1,4.34
Cn1ccc(CN2C[C@]3(CCN(c4cncc5ccccc45)C3=O)c3cc(Cl)ccc3C2=O)n1,5.865
Cn1cccc1[C@H]1CCCCN1C(=O)Cc1cncc2ccccc12,5.1
Cn1cnc(CN2C[C@]3(CCN(c4cncc5ccccc45)C3=O)c3cc(Cl)ccc3C2=O)n1,5.25
Cn1cnc(Cn2c(=O)[nH]/c(=N\c3cc4cn(C)nc4cc3Cl)n(Cc3cc(F)c(F)cc3F)c2=O)n1,8.43
Cn1cnc2c1CCN(C(=O)Cc1cncc3ccccc13)C2,5.01
Cn1cncc1[C@H]1CCCCN1C(=O)Cc1cncc2ccccc12,4.11
Cn1ncc(C2CCC2)c1CNC(=O)c1cncc2ccccc12,4.25
Cn1ncc2cncc(NC(=O)[C@H]3CNS(=O)(=O)c4ccc(Cl)cc43)c21,5.5649999999999995
Cn1nccc1C[C@H]1CCCN1C(=O)Cc1cncc2ccccc12,4.12
Cn1nccc1[C@H]1CCCCN1C(=O)Cc1cncc2ccccc12,4.42
Cn1nccc1[C@H]1CCCN1C(=O)Cc1cncc2ccccc12,4.26
Cn1nccc1[C@H]1CCN(C(=O)Cc2cncc3ccccc23)C1,4.26
Cn1nnc(CN2C[C@]3(CCN(c4cncc5ccccc45)C3=O)c3cc(Cl)ccc3C2=O)n1,5.29
Cn1nncc1[C@H]1CCCCN1C(=O)Cc1cncc2ccccc12,4.15
Cn1nnnc1CN1C[C@]2(CCN(c3cncc4ccccc34)C2=O)c2cc(Cl)ccc2C1=O,5.21
N#CC1(N(C(=O)Cc2cncc3ccccc23)c2ccccc2)CCCCC1,4.85
N#CC1(c2ccccc2)CCN(C(=O)Cc2cncc3ccccc23)CC1,5.36
N#CC1CC2(CCN(C(=O)Cc3cncc4ccccc34)C2)C1,4.06
N#CC1CCN(C(=O)Cc2cncc3ccccc23)CC1,4.74
N#CC1[C@H]2CC[C@H]1CN(C(=O)Cc1cncc3ccccc13)C2,4.86
N#CC[C@@H]1CCCN(C(=O)Cc2cncc3ccccc23)C1,4.34
N#CC[C@H]1CCCN(C(=O)Cc2cncc3ccccc23)C1,4.83
N#CCc1ccc(N(Cc2cccc(Cl)c2)C(=O)Cc2cncc3ccccc23)cc1,6.03
N#C[C@H](c1ccccc1)[C@H]1CCCN1C(=O)Cc1cncc2ccccc12,4.46
N#Cc1ccc(N(Cc2cccc(Cl)c2)C(=O)Cc2cncc3ccccc23)cc1,5.37
N#Cc1ccc(N(Cc2ccccc2)C(=O)Cc2cncc3ccccc23)cc1,4.89
N#Cc1ccc2c(c1)Oc1c(F)cccc1CN2C(=O)Cc1cncc2ccccc12,4.81
N#Cc1cccc(NC(=O)Cc2cncc3ccccc23)c1,4.5
N=C(N)NCCc1ccc(OC(=O)Nc2ccccc2)cc1,4.8
N=C(N)NCc1ccc(OC(=O)Nc2ccccc2)cc1,5.13
N=C(N)Nc1ccc(OC(=O)Nc2ccccc2)cc1,5.68
NC(=O)CN(Cc1cccc(Cl)c1)C(=O)Cc1cncc2ccccc12,5.48
NC(=O)[C@H]1CCCN(C(=O)Cc2cncc3ccccc23)C1,4.06
NC(=O)c1ccc2c(c1)[C@]1(CCO2)NC(=O)N(c2cncc3ccccc23)C1=O,4.85
NS(=O)(=O)OCC(=O)N1CCN(S(=O)(=O)c2ccsc2)[C@H](C(=O)NCc2ccccn2)C1,4.09
NS(=O)(=O)c1ccc2c(c1)[C@]1(CCO2)NC(=O)N(c2cncc3ccccc23)C1=O,4.65
O=C(CCl)N1CCN(Cc2cccc(Cl)c2)[C@H]2CS(=O)(=O)C[C@H]21,7.26
O=C(CN(Cc1cccc(Cl)c1)C(=O)Cc1cncc2ccccc12)N1CCCC1,5.75
O=C(CN1Cc2ccc(Cl)cc2[C@H](C(=O)Nc2cncc3ccccc23)C1)NC(c1ccccc1)c1ccccc1,7.04
O=C(CN1Cc2ccc(Cl)cc2[C@H](C(=O)Nc2cncc3ccccc23)C1)NCCCCCCCOc1cccc2c1C(=O)N([C@H]1CCC(=O)NC1=O)C2=O,6.81
O=C(CN1Cc2ccc(Cl)cc2[C@H](C(=O)Nc2cncc3ccccc23)C1)NCCCCCOc1cccc2c1C(=O)N([C@H]1CCC(=O)NC1=O)C2=O,7.23
O=C(CN1Cc2ccc(Cl)cc2[C@H](C(=O)Nc2cncc3ccccc23)C1)NCCOCCOCCOCCNc1cccc2c1C(=O)N([C@H]1CCC(=O)NC1=O)C2=O,6.14
O=C(CN1Cc2ccc(Cl)cc2[C@H](C(=O)Nc2cncc3ccccc23)C1)NCCOCCOCCOCCOCCOc1cccc2c1C(=O)N([C@H]1CCC(=O)NC1=O)C2=O,6.35
O=C(CN1Cc2ccc(Cl)cc2[C@H](C(=O)Nc2cncc3ccccc23)C1)NCCOCCOCCOCCOc1cccc2c1C(=O)N([C@H]1CCC(=O)NC1=O)C2=O,6.47
O=C(CN1Cc2ccc(Cl)cc2[C@H](C(=O)Nc2cncc3ccccc23)C1)NCCOCCOCCOc1cccc2c1C(=O)N([C@H]1CCC(=O)NC1=O)C2=O,5.9
O=C(CN1Cc2ccc(Cl)cc2[C@H](C(=O)Nc2cncc3ccccc23)C1)NCCc1ccc(C(F)(F)F)cc1,7.15
O=C(CN1Cc2ccc(Cl)cc2[C@H](C(=O)Nc2cncc3ccccc23)C1)NCCc1ccc(C(F)F)cc1,7.3
O=C(CN1Cc2ccc(Cl)cc2[C@H](C(=O)Nc2cncc3ccccc23)C1)NCCc1ccc(Cl)c(Cl)c1,7.15
O=C(CN1Cc2ccc(Cl)cc2[C@H](C(=O)Nc2cncc3ccccc23)C1)NCCc1ccc(Cl)cc1Cl,6.97
O=C(CN1Cc2ccc(Cl)cc2[C@H](C(=O)Nc2cncc3ccccc23)C1)NCCc1cccc(Cl)c1,7.21
O=C(CN1Cc2ccc(Cl)cc2[C@H](C(=O)Nc2cncc3ccccc23)C1)NCc1c(Cl)cccc1Cl,6.75
O=C(CN1Cc2ccc(Cl)cc2[C@H](C(=O)Nc2cncc3ccccc23)C1)NCc1cc(Cl)cc(Cl)c1,7.16
O=C(CN1Cc2ccc(Cl)cc2[C@H](C(=O)Nc2cncc3ccccc23)C1)NCc1ccc(Br)cc1,6.86
O=C(CN1Cc2ccc(Cl)cc2[C@H](C(=O)Nc2cncc3ccccc23)C1)NCc1ccc(CCO)cc1,7.1
O=C(CN1Cc2ccc(Cl)cc2[C@H](C(=O)Nc2cncc3ccccc23)C1)NCc1ccc(F)cc1,7.11
O=C(CN1Cc2ccc(Cl)cc2[C@H](C(=O)Nc2cncc3ccccc23)C1)NCc1ccc2c(c1)OCO2,6.95
O=C(CN1Cc2ccc(Cl)cc2[C@H](C(=O)Nc2cncc3ccccc23)C1)NCc1cccc(Br)c1,7.35
O=C(CN1Cc2ccc(Cl)cc2[C@H](C(=O)Nc2cncc3ccccc23)C1)NCc1cccc(Cl)c1,7.02
O=C(CN1Cc2ccc(Cl)cc2[C@H](C(=O)Nc2cncc3ccccc23)C1)NCc1cccc(F)c1,7.14
O=C(CN1Cc2ccc(Cl)cc2[C@H](C(=O)Nc2cncc3ccccc23)C1)NCc1ccccc1,7.22
O=C(CN1Cc2ccc(Cl)cc2[C@H](C(=O)Nc2cncc3ccccc23)C1)Nc1ccc(C(F)(F)F)cn1,6.39
O=C(CN1Cc2ccc(Cl)cc2[C@H](C(=O)Nc2cncc3ccccc23)C1)Nc1ccc(N2CCOCC2=O)cc1,7.17
O=C(CN1Cc2ccc(Cl)cc2[C@H](C(=O)Nc2cncc3ccccc23)C1)Nc1ccc2scnc2c1,6.93
O=C(CN1Cc2ccc(Cl)cc2[C@H](C(=O)Nc2cncc3ccccc23)C1)Nc1ccccc1,7.01
O=C(COS(=O)(=O)N1CCOCC1)N1CCN(Cc2cccc(Cl)c2)[C@H]2CCCC[C@H]21,5.88
O=C(COS(=O)(=O)N1CCOCC1)N1CCN(Cc2cccc(Cl)c2)[C@H]2CS(=O)(=O)C[C@H]21,6.62
O=C(COS(=O)(=O)NCc1ccccc1)N1CCN(Cc2cccc(Cl)c2)[C@H]2CS(=O)(=O)C[C@@H]21,4.93
O=C(COS(=O)(=O)NCc1ccccc1)N1CCN(Cc2cccc(Cl)c2)[C@H]2CS(=O)(=O)C[C@H]21,5.55
O=C(C[C@H]1CCCC(F)(F)C1)Nc1cncc2ccccc12,5.23
O=C(Cc1c(F)ccc(F)c1F)Nc1cncc2ccccc12,4.51
O=C(Cc1cc(Cl)ccc1F)Nc1cncc2ccccc12,5.97
O=C(Cc1cc(F)c(F)c(F)c1)Nc1cncc2ccccc12,6.33
O=C(Cc1cc(F)c(F)cc1F)Nc1cncc2ccccc12,5.69
O=C(Cc1cc(F)cc(F)c1)Nc1cncc2ccccc12,6.19
O=C(Cc1cc(F)cc(F)c1F)Nc1cncc2ccccc12,5.82
O=C(Cc1cc(F)ccc1Cl)Nc1cncc2ccccc12,5.56
O=C(Cc1cc(F)ccc1F)Nc1cncc2ccccc12,5.69
O=C(Cc1ccc(F)c(F)c1F)Nc1cncc2ccccc12,4.8
O=C(Cc1ccc(F)cc1F)Nc1cncc2ccccc12,4.6
O=C(Cc1cccc(F)c1F)Nc1cncc2ccccc12,4.66
O=C(Cc1ccccc1F)Nc1cncc2ccccc12,4.44
O=C(Cc1cccnc1)N1CCc2sccc2C1,4.47
O=C(Cc1cncc(F)c1)Nc1cncc2ccccc12,5.33
O=C(Cc1cncc2ccccc12)N(CCC(F)(F)F)C1CCCCC1,4.18
O=C(Cc1cncc2ccccc12)N(CCC(F)(F)F)Cc1ccccc1,4.78
O=C(Cc1cncc2ccccc12)N(Cc1cc(F)ccc1F)C1CCCC1,5.95
O=C(Cc1cncc2ccccc12)N(Cc1ccc(F)cc1)C1CCCCC1,5.05
O=C(Cc1cncc2ccccc12)N(Cc1ccc(F)cc1)CC1CC1,4.99
O=C(Cc1cncc2ccccc12)N(Cc1ccc2[nH]ccc2c1)Cc1cccs1,4.97
O=C(Cc1cncc2ccccc12)N(Cc1cccc(Cl)c1)C12CC(C1)N(C1CC1)C2,5.31
O=C(Cc1cncc2ccccc12)N(Cc1cccc(Cl)c1)C12CC(C1)N(CC1COC1)C2,5.4
O=C(Cc1cncc2ccccc12)N(Cc1cccc(Cl)c1)[C@]12CC[C@H](C1)N(CC1COC1)C2,4.7
O=C(Cc1cncc2ccccc12)N(Cc1cccc(Cl)c1)c1ccc2cc[nH]c2c1,6.23
O=C(Cc1cncc2ccccc12)N(Cc1cccc(Cl)c1)c1ccc2nc[nH]c2c1,6.21
O=C(Cc1cncc2ccccc12)N(Cc1cccc(Cl)c1)c1ccccn1,5.88
O=C(Cc1cncc2ccccc12)N(Cc1cccc(F)c1)C1CC1,5.52
O=C(Cc1cncc2ccccc12)N(Cc1ccccc1)C1CCC1,5.13
O=C(Cc1cncc2ccccc12)N(Cc1ccccc1)Cc1ccc(F)cc1,5.0
O=C(Cc1cncc2ccccc12)N(Cc1ccccc1)[C@H]1CCCC12CCC2,4.95
O=C(Cc1cncc2ccccc12)N(Cc1ccccc1)c1ccccc1,5.11
O=C(Cc1cncc2ccccc12)N(Cc1ccccc1O)c1ccc(F)cc1,4.78
O=C(Cc1cncc2ccccc12)N(Cc1cccs1)c1ccccc1,5.0
O=C(Cc1cncc2ccccc12)N1CC(C2CCCCC2)C1,4.74
O=C(Cc1cncc2ccccc12)N1CC(CC2CCC2)C1,4.94
O=C(Cc1cncc2ccccc12)N1CC(CCc2ccccc2)C1,4.54
O=C(Cc1cncc2ccccc12)N1CC(Cc2ccsc2)C1,4.65
O=C(Cc1cncc2ccccc12)N1CC(F)(F)C(F)(F)C(F)(F)C1,4.25
O=C(Cc1cncc2ccccc12)N1CC(F)(F)CC2(CCC2)C1,4.22
O=C(Cc1cncc2ccccc12)N1CC(F)(F)C[C@H]1c1ccccc1,4.55
O=C(Cc1cncc2ccccc12)N1CC(F)(F)C[C@H]2CCCC[C@H]21,4.03
O=C(Cc1cncc2ccccc12)N1CCC(C(F)(F)F)CC1,6.55
O=C(Cc1cncc2ccccc12)N1CCC(C(F)F)CC1,5.92
O=C(Cc1cncc2ccccc12)N1CCC(C2CC2)CC1,5.77
O=C(Cc1cncc2ccccc12)N1CCC(C2CCC2)CC1,5.67
O=C(Cc1cncc2ccccc12)N1CCC(C2CCCC2)CC1,5.35
O=C(Cc1cncc2ccccc12)N1CCC(CC(F)(F)F)CC1,5.69
O=C(Cc1cncc2ccccc12)N1CCC(CC2CC2)CC1,5.56
O=C(Cc1cncc2ccccc12)N1CCC(CC2CCC2)CC1,4.97
O=C(Cc1cncc2ccccc12)N1CCC(CF)CC1,5.63
O=C(Cc1cncc2ccccc12)N1CCC(CN2CCCC2=O)CC1,4.46
O=C(Cc1cncc2ccccc12)N1CCC(Cc2cc(F)ccc2F)CC1,4.27
O=C(Cc1cncc2ccccc12)N1CCC(F)(F)CC1,5.17
O=C(Cc1cncc2ccccc12)N1CCC(F)(c2ccccc2)CC1,4.63
O=C(Cc1cncc2ccccc12)N1CCC(Nc2cccc3ncccc23)CC1,4.07
O=C(Cc1cncc2ccccc12)N1CCC(OC2CC2)CC1,4.29
O=C(Cc1cncc2ccccc12)N1CCC(OC2CCC2)CC1,4.3
O=C(Cc1cncc2ccccc12)N1CCC([C@H](F)c2ccccc2F)CC1,4.5
O=C(Cc1cncc2ccccc12)N1CCC([C@H]2CCCO2)CC1,4.52
O=C(Cc1cncc2ccccc12)N1CCC([C@H]2CCO2)CC1,4.43
O=C(Cc1cncc2ccccc12)N1CCC([C@H]2CCOC2)CC1,4.625
O=C(Cc1cncc2ccccc12)N1CCC(c2cccc(F)c2)CC1,4.71
O=C(Cc1cncc2ccccc12)N1CCC(c2ccccc2)CC1,4.49
O=C(Cc1cncc2ccccc12)N1CCC(c2cccs2)CC1,4.86
O=C(Cc1cncc2ccccc12)N1CCC(c2ccno2)CC1,4.87
O=C(Cc1cncc2ccccc12)N1CCC(c2cnco2)CC1,4.4
O=C(Cc1cncc2ccccc12)N1CCC(c2cscn2)CC1,4.1
O=C(Cc1cncc2ccccc12)N1CCC(c2ncco2)CC1,4.11
O=C(Cc1cncc2ccccc12)N1CCC(c2nccs2)CC1,4.44
O=C(Cc1cncc2ccccc12)N1CCC2(C=Cc3ccccc3O2)CC1,5.79
O=C(Cc1cncc2ccccc12)N1CCC2(CC1)CC2,5.15
O=C(Cc1cncc2ccccc12)N1CCC2(CC1)CC2(F)F,5.2
O=C(Cc1cncc2ccccc12)N1CCC2(CC1)CCC(F)(F)C2,5.43
O=C(Cc1cncc2ccccc12)N1CCC2(CC1)CCS2(=O)=O,4.6
O=C(Cc1cncc2ccccc12)N1CCC2(CC1)COC2,4.27
O=C(Cc1cncc2ccccc12)N1CCC2(CC1)COCCO2,4.88
O=C(Cc1cncc2ccccc12)N1CCC2(CC1)CS(=O)(=O)C2,4.32
O=C(Cc1cncc2ccccc12)N1CCC2(CC1)C[C@H]2F,5.11
O=C(Cc1cncc2ccccc12)N1CCC2(CCC2)CC1,5.85
O=C(Cc1cncc2ccccc12)N1CCC2(CCCC2)CC1,5.79
O=C(Cc1cncc2ccccc12)N1CCC2(CCCCC2)CC1,5.99
O=C(Cc1cncc2ccccc12)N1CCC2(CCCCO2)CC1,5.24
O=C(Cc1cncc2ccccc12)N1CCC2(CCCO2)CC1,4.95
O=C(Cc1cncc2ccccc12)N1CCC2(CCO2)CC1,4.57
O=C(Cc1cncc2ccccc12)N1CCC2(CCOC2)CC1,4.97
O=C(Cc1cncc2ccccc12)N1CCC2(CCOCC2)CC1,4.3
O=C(Cc1cncc2ccccc12)N1CCC2(C[C@H]1C(F)(F)F)OCCO2,4.78
O=C(Cc1cncc2ccccc12)N1CCCC2(CC2)C1,4.41
O=C(Cc1cncc2ccccc12)N1CCCC2(CCC2)C1,4.56
O=C(Cc1cncc2ccccc12)N1CCCC2(CCC2)CC1,5.79
O=C(Cc1cncc2ccccc12)N1CCCC2(CCCC2)C1,4.98
O=C(Cc1cncc2ccccc12)N1CCCCC1,4.22
O=C(Cc1cncc2ccccc12)N1CCCCCC1,4.74
O=C(Cc1cncc2ccccc12)N1CCCCCC[C@H]1c1ccccc1,5.27
O=C(Cc1cncc2ccccc12)N1CCCCC[C@H]1Cc1cccs1,4.85
O=C(Cc1cncc2ccccc12)N1CCCCCc2ccccc2C1,5.79
O=C(Cc1cncc2ccccc12)N1CCCC[C@H](c2ccccc2)C1,4.78
O=C(Cc1cncc2ccccc12)N1CCCC[C@H]1C1CCC1,4.76
O=C(Cc1cncc2ccccc12)N1CCCC[C@H]1C1CCCC1,5.34
O=C(Cc1cncc2ccccc12)N1CCCC[C@H]1CC(F)(F)F,4.32
O=C(Cc1cncc2ccccc12)N1CCCC[C@H]1CCc1ccccc1,4.67
O=C(Cc1cncc2ccccc12)N1CCCC[C@H]1Cc1ccccc1,4.51
O=C(Cc1cncc2ccccc12)N1CCCC[C@H]1[C@H]1CCCO1,4.276666666666666
O=C(Cc1cncc2ccccc12)N1CCCC[C@H]1c1c(F)cccc1F,6.02
O=C(Cc1cncc2ccccc12)N1CCCC[C@H]1c1cc(Cl)ccc1F,6.3
O=C(Cc1cncc2ccccc12)N1CCCC[C@H]1c1cc[nH]n1,4.38
O=C(Cc1cncc2ccccc12)N1CCCC[C@H]1c1ccc(Cl)cc1,5.19
O=C(Cc1cncc2ccccc12)N1CCCC[C@H]1c1ccc(Cl)cc1F,4.96
O=C(Cc1cncc2ccccc12)N1CCCC[C@H]1c1ccc(F)c(Cl)c1,5.58
O=C(Cc1cncc2ccccc12)N1CCCC[C@H]1c1ccc(F)cc1F,5.26
O=C(Cc1cncc2ccccc12)N1CCCC[C@H]1c1ccc(F)cn1,5.09
O=C(Cc1cncc2ccccc12)N1CCCC[C@H]1c1cccc(F)c1,5.85
O=C(Cc1cncc2ccccc12)N1CCCC[C@H]1c1ccccc1,5.11
O=C(Cc1cncc2ccccc12)N1CCCC[C@H]1c1ccccc1F,5.19
O=C(Cc1cncc2ccccc12)N1CCCC[C@H]1c1ccncn1,5.08
O=C(Cc1cncc2ccccc12)N1CCCC[C@H]1c1ccon1,4.7
O=C(Cc1cncc2ccccc12)N1CCCC[C@H]1c1cncs1,4.49
O=C(Cc1cncc2ccccc12)N1CCCC[C@H]1c1cscn1,5.11
O=C(Cc1cncc2ccccc12)N1CCCC[C@H]1c1nc2ccccc2o1,4.58
O=C(Cc1cncc2ccccc12)N1CCCC[C@H]1c1nc2ccccc2s1,4.45
O=C(Cc1cncc2ccccc12)N1CCCC[C@H]1c1nccs1,4.55
O=C(Cc1cncc2ccccc12)N1CCCC[C@H]1c1ncon1,4.37
O=C(Cc1cncc2ccccc12)N1CCCCc2ccccc2C1,5.24
O=C(Cc1cncc2ccccc12)N1CCCN2c3ccccc3C[C@H]2C1,4.84
O=C(Cc1cncc2ccccc12)N1CCCSC[C@H]1C(F)(F)F,4.36
O=C(Cc1cncc2ccccc12)N1CCCSC[C@H]1C1CC1,4.22
O=C(Cc1cncc2ccccc12)N1CCC[C@@H](C(F)(F)F)C1,4.74
O=C(Cc1cncc2ccccc12)N1CCC[C@H](C(F)(F)F)C1,5.43
O=C(Cc1cncc2ccccc12)N1CCC[C@H](C(F)(F)F)CC1,6.33
O=C(Cc1cncc2ccccc12)N1CCC[C@H](C2CCC2)C1,5.17
O=C(Cc1cncc2ccccc12)N1CCC[C@H](C2CCC2)CC1,5.48
O=C(Cc1cncc2ccccc12)N1CCC[C@H](C2CCCC2)C1,5.215
O=C(Cc1cncc2ccccc12)N1CCC[C@H](C2CCOCC2)C1,4.34
O=C(Cc1cncc2ccccc12)N1CCC[C@H](CC(F)(F)F)C1,4.99
O=C(Cc1cncc2ccccc12)N1CCC[C@H](CC2CC2)C1,4.82
O=C(Cc1cncc2ccccc12)N1CCC[C@H](CCC(F)(F)F)C1,4.76
O=C(Cc1cncc2ccccc12)N1CCC[C@H](CCF)C1,4.76
O=C(Cc1cncc2ccccc12)N1CCC[C@H](CCO)C1,4.1
O=C(Cc1cncc2ccccc12)N1CCC[C@H](CF)C1,4.53
O=C(Cc1cncc2ccccc12)N1CCC[C@H](C[C@H]2CCOC2)C1,4.33
O=C(Cc1cncc2ccccc12)N1CCC[C@H](Oc2ccccc2)C1,4.27
O=C(Cc1cncc2ccccc12)N1CCC[C@H](c2c[nH]c3ccccc23)C1,4.57
O=C(Cc1cncc2ccccc12)N1CCC[C@H](c2cccc(F)c2)C1,5.1
O=C(Cc1cncc2ccccc12)N1CCC[C@H](c2ccccc2)C1,4.74
O=C(Cc1cncc2ccccc12)N1CCC[C@H](c2ccon2)C1,4.47
O=C(Cc1cncc2ccccc12)N1CCC[C@H](c2cnco2)C1,4.06
O=C(Cc1cncc2ccccc12)N1CCC[C@H](c2ncco2)C1,4.12
O=C(Cc1cncc2ccccc12)N1CCC[C@H](c2nccs2)C1,4.33
O=C(Cc1cncc2ccccc12)N1CCC[C@H](n2cccn2)C1,4.2
O=C(Cc1cncc2ccccc12)N1CCC[C@H](n2ccnc2)C1,4.21
O=C(Cc1cncc2ccccc12)N1CCC[C@H]1C1CCCC1,5.59
O=C(Cc1cncc2ccccc12)N1CCC[C@H]1C1CCCCCC1,5.01
O=C(Cc1cncc2ccccc12)N1CCC[C@H]1C=Cc1cccs1,4.88
O=C(Cc1cncc2ccccc12)N1CCC[C@H]1CC1CC1,4.88
O=C(Cc1cncc2ccccc12)N1CCC[C@H]1CC1CCC1,5.15
O=C(Cc1cncc2ccccc12)N1CCC[C@H]1CC1CCCCC1,5.05
O=C(Cc1cncc2ccccc12)N1CCC[C@H]1CCCn1cccn1,4.15
O=C(Cc1cncc2ccccc12)N1CCC[C@H]1CCc1ccccc1,4.83
O=C(Cc1cncc2ccccc12)N1CCC[C@H]1CN1CCC(F)(F)CC1,4.47
O=C(Cc1cncc2ccccc12)N1CCC[C@H]1Cc1ccc(F)cc1,4.65
O=C(Cc1cncc2ccccc12)N1CCC[C@H]1Cc1ccc(F)cc1F,4.65
O=C(Cc1cncc2ccccc12)N1CCC[C@H]1Cc1ccccn1,4.11
O=C(Cc1cncc2ccccc12)N1CCC[C@H]1Cc1cccs1,4.86
O=C(Cc1cncc2ccccc12)N1CCC[C@H]1c1c(Cl)cccc1Cl,4.38
O=C(Cc1cncc2ccccc12)N1CCC[C@H]1c1c(F)ccc(Cl)c1F,5.38
O=C(Cc1cncc2ccccc12)N1CCC[C@H]1c1cc(C2CC2)on1,4.51
O=C(Cc1cncc2ccccc12)N1CCC[C@H]1c1cc(F)cc(F)c1,5.73
O=C(Cc1cncc2ccccc12)N1CCC[C@H]1c1cc2ccccc2s1,4.56
O=C(Cc1cncc2ccccc12)N1CCC[C@H]1c1ccc(Cl)cc1,4.68
O=C(Cc1cncc2ccccc12)N1CCC[C@H]1c1cccc(F)c1,5.77
O=C(Cc1cncc2ccccc12)N1CCC[C@H]1c1cccc(F)c1F,5.046666666666667
O=C(Cc1cncc2ccccc12)N1CCC[C@H]1c1ccccc1,4.99
O=C(Cc1cncc2ccccc12)N1CCC[C@H]1c1ccccn1,4.24
O=C(Cc1cncc2ccccc12)N1CCC[C@H]1c1cnc2ccccc2c1,4.01
O=C(Cc1cncc2ccccc12)N1CCC[C@H]2CCC(F)(F)C[C@H]21,4.46
O=C(Cc1cncc2ccccc12)N1CCC[C@H]2CCCC[C@@H]21,5.18
O=C(Cc1cncc2ccccc12)N1CCC[C@H]2CCCC[C@H]21,4.91
O=C(Cc1cncc2ccccc12)N1CCC[C@](F)(c2ccccc2)C1,4.55
O=C(Cc1cncc2ccccc12)N1CCC[C@]2(C1)OC[C@H]1C[C@H]12,4.02
O=C(Cc1cncc2ccccc12)N1CCC[C@]2(C=Cc3ccccc3O2)C1,4.17
O=C(Cc1cncc2ccccc12)N1CCCc2ccccc21,4.68
O=C(Cc1cncc2ccccc12)N1CCCc2ccccc2CC1,5.01
O=C(Cc1cncc2ccccc12)N1CCCc2sccc2C1,5.84
O=C(Cc1cncc2ccccc12)N1CCCn2cccc2C1,4.51
O=C(Cc1cncc2ccccc12)N1CCCn2nccc2C1,4.11
O=C(Cc1cncc2ccccc12)N1CCN(Cc2ccccc2)C[C@H]1C1CC1,4.51
O=C(Cc1cncc2ccccc12)N1CCN(Cc2ccccc2)C[C@H]1c1ccccc1,5.15
O=C(Cc1cncc2ccccc12)N1CCN(c2cccnc2)CC1,4.04
O=C(Cc1cncc2ccccc12)N1CCOC[C@H]1c1cccs1,4.53
O=C(Cc1cncc2ccccc12)N1CCOC[C@H]1c1nc2ccccc2s1,4.01
O=C(Cc1cncc2ccccc12)N1CCO[C@H](c2ccsc2)C1,4.56
O=C(Cc1cncc2ccccc12)N1CCSC[C@H]1C1CCC1,4.61
O=C(Cc1cncc2ccccc12)N1CCSC[C@H]1c1ccccc1,4.94
O=C(Cc1cncc2ccccc12)N1CCSC[C@H]1c1cccs1,5.27
O=C(Cc1cncc2ccccc12)N1CCS[C@H](c2ccccc2)C1,4.81
O=C(Cc1cncc2ccccc12)N1CC[C@@H](Oc2ccc(F)cc2)C1,4.46
O=C(Cc1cncc2ccccc12)N1CC[C@@H]2CCCC[C@@H]2C1,5.82
O=C(Cc1cncc2ccccc12)N1CC[C@@H]2CCCC[C@H]2C1,6.09
O=C(Cc1cncc2ccccc12)N1CC[C@H](C2(c3ccccc3)CC2)C1,4.95
O=C(Cc1cncc2ccccc12)N1CC[C@H](C2CCC(F)(F)CC2)C1,4.42
O=C(Cc1cncc2ccccc12)N1CC[C@H](C2CCCCC2)C1,5.26
O=C(Cc1cncc2ccccc12)N1CC[C@H](CC2CCC2)C1,5.03
O=C(Cc1cncc2ccccc12)N1CC[C@H](COc2ccccc2)C1,4.1
O=C(Cc1cncc2ccccc12)N1CC[C@H](Cc2ccc(C(F)F)cc2)C1,4.18
O=C(Cc1cncc2ccccc12)N1CC[C@H](Cc2ccc(F)c(F)c2)C1,4.71
O=C(Cc1cncc2ccccc12)N1CC[C@H](Cc2ccc(O)cc2)C1,4.06
O=C(Cc1cncc2ccccc12)N1CC[C@H](Cc2cccc(Cl)c2)C1,4.98
O=C(Cc1cncc2ccccc12)N1CC[C@H](Cc2ccccn2)C1,4.15
O=C(Cc1cncc2ccccc12)N1CC[C@H](N2CCCCC2)C1,4.08
O=C(Cc1cncc2ccccc12)N1CC[C@H](OC(F)(F)F)C1,5.596666666666667
O=C(Cc1cncc2ccccc12)N1CC[C@H](Oc2cccc(F)c2)C1,4.86
O=C(Cc1cncc2ccccc12)N1CC[C@H](Oc2ccccc2)C1,4.26
O=C(Cc1cncc2ccccc12)N1CC[C@H](S(=O)(=O)C(F)F)C1,4.63
O=C(Cc1cncc2ccccc12)N1CC[C@H](Sc2cccc(Cl)c2)C1,4.53
O=C(Cc1cncc2ccccc12)N1CC[C@H](c2ccc(Cl)cc2)C1,4.25
O=C(Cc1cncc2ccccc12)N1CC[C@H](c2ccc(O)cc2)C1,4.55
O=C(Cc1cncc2ccccc12)N1CC[C@H](c2cccc(Cl)c2)C1,5.04
O=C(Cc1cncc2ccccc12)N1CC[C@H](c2cccc(F)c2)C1,5.126666666666667
O=C(Cc1cncc2ccccc12)N1CC[C@H](c2ccccc2)C1,4.69
O=C(Cc1cncc2ccccc12)N1CC[C@H](c2ccccc2F)C1,4.84
O=C(Cc1cncc2ccccc12)N1CC[C@H](c2cccnc2)C1,4.1
O=C(Cc1cncc2ccccc12)N1CC[C@H](c2cccs2)C1,5.11
O=C(Cc1cncc2ccccc12)N1CC[C@H](c2ncco2)C1,4.02
O=C(Cc1cncc2ccccc12)N1CC[C@H](c2nccs2)C1,4.29
O=C(Cc1cncc2ccccc12)N1CC[C@H]1CC1CCCC1,4.92
O=C(Cc1cncc2ccccc12)N1CC[C@H]1Cc1ccccc1,4.74
O=C(Cc1cncc2ccccc12)N1CC[C@H]2CCC(F)(F)C[C@H]2C1,5.886666666666667
O=C(Cc1cncc2ccccc12)N1CC[C@H]2CCCC[C@H]21,4.5
O=C(Cc1cncc2ccccc12)N1CC[C@H]2CCCC[C@H]2CC1,5.88
O=C(Cc1cncc2ccccc12)N1CC[C@H]2CCC[C@H]1C2,4.97
O=C(Cc1cncc2ccccc12)N1CC[C@H]2CCC[C@H]21,4.21
O=C(Cc1cncc2ccccc12)N1CC[C@H]2CCC[C@H]2C1,5.67
O=C(Cc1cncc2ccccc12)N1CC[C@H]2CCO[C@H]2C1,4.23
O=C(Cc1cncc2ccccc12)N1CC[C@H]2CC[C@H]1C2,4.67
O=C(Cc1cncc2ccccc12)N1CC[C@H]2CC[C@H]2C1,4.99
O=C(Cc1cncc2ccccc12)N1CC[C@H]2COC[C@H]1C2,4.14
O=C(Cc1cncc2ccccc12)N1CC[C@H]2COC[C@H]2C1,4.28
O=C(Cc1cncc2ccccc12)N1CC[C@H]2C[C@@H]1C2,4.39
O=C(Cc1cncc2ccccc12)N1CC[C@H]2C[C@H](O)C[C@H]2C1,4.16
O=C(Cc1cncc2ccccc12)N1CC[C@H]2C[C@H]2C1,4.55
O=C(Cc1cncc2ccccc12)N1CC[C@H]2[C@H](F)[C@H]2C1,5.2
O=C(Cc1cncc2ccccc12)N1CC[C@](F)(c2cccc(C(F)(F)F)c2)C1,4.38
O=C(Cc1cncc2ccccc12)N1CC[C@](F)(c2cccc(Cl)c2)C1,4.78
O=C(Cc1cncc2ccccc12)N1CC[C@](F)(c2ccccc2)C1,4.73
O=C(Cc1cncc2ccccc12)N1CC[C@](c2ccccc2)(C(F)(F)F)C1,4.75
O=C(Cc1cncc2ccccc12)N1CC[C@]2(CC(C(F)F)=NO2)C1,4.62
O=C(Cc1cncc2ccccc12)N1CC[C@]2(CC=CCO2)C1,5.22
O=C(Cc1cncc2ccccc12)N1CC[C@]2(CCCc3ccccc32)C1,5.383333333333333
O=C(Cc1cncc2ccccc12)N1CCc2[nH]cnc2C1,4.83
O=C(Cc1cncc2ccccc12)N1CCc2c(Cl)cccc2C1,6.39
O=C(Cc1cncc2ccccc12)N1CCc2ccc(Cl)cc2CC1,5.43
O=C(Cc1cncc2ccccc12)N1CCc2nc(C(F)(F)F)ccc2C1,4.13
O=C(Cc1cncc2ccccc12)N1CCc2ncc(C(F)(F)F)cc2C1,4.4
O=C(Cc1cncc2ccccc12)N1CCc2ncc(Cl)cc2C1,4.48
O=C(Cc1cncc2ccccc12)N1CCc2ncccc2C1,4.26
O=C(Cc1cncc2ccccc12)N1CCc2nocc2C1,5.49
O=C(Cc1cncc2ccccc12)N1CCc2sccc2C1,6.27
O=C(Cc1cncc2ccccc12)N1CCc2sccc2C12CCC2,7.14
O=C(Cc1cncc2ccccc12)N1CCc2sccc2[C@H]1C1CC1,6.18
O=C(Cc1cncc2ccccc12)N1CCc2sccc2[C@H]1c1ccccc1,6.513333333333333
O=C(Cc1cncc2ccccc12)N1CCc2scnc2C1,5.92
O=C(Cc1cncc2ccccc12)N1CCc2scnc2C12CCC2,6.75
O=C(Cc1cncc2ccccc12)N1CCn2nccc2C1,4.16
O=C(Cc1cncc2ccccc12)N1C[C@@H](c2ccc(F)cc2)O[C@@H](c2ccccc2)C1,4.17
O=C(Cc1cncc2ccccc12)N1C[C@@H]2CS(=O)(=O)C[C@@H]2C1,4.63
O=C(Cc1cncc2ccccc12)N1C[C@@H]2C[C@H]1CN2c1ccccc1,4.14
O=C(Cc1cncc2ccccc12)N1C[C@@H]2[C@H](C1)[C@@H]2C(F)(F)F,4.3
O=C(Cc1cncc2ccccc12)N1C[C@@H]2[C@H](C1)[C@H]2C(F)(F)F,5.32
O=C(Cc1cncc2ccccc12)N1C[C@@H]2[C@H](C1)[C@H]2C(F)F,4.96
O=C(Cc1cncc2ccccc12)N1C[C@H](CF)C2(CCCC2)C1,5.43
O=C(Cc1cncc2ccccc12)N1C[C@H](F)C[C@H]1c1cccc(F)c1,5.58
O=C(Cc1cncc2ccccc12)N1C[C@H](F)C[C@H]1c1ccccc1,4.77
O=C(Cc1cncc2ccccc12)N1C[C@H](F)[C@H](c2ccccc2)C1,4.76
O=C(Cc1cncc2ccccc12)N1C[C@H](c2ccccc2)[C@H]2CCC[C@H]21,5.2
O=C(Cc1cncc2ccccc12)N1C[C@H]2C=C[C@H]1CC2,4.66
O=C(Cc1cncc2ccccc12)N1C[C@H]2CCCCCC[C@@H]2C1,5.895
O=C(Cc1cncc2ccccc12)N1C[C@H]2CCCCCC[C@H]2C1,5.87
O=C(Cc1cncc2ccccc12)N1C[C@H]2CCCS(=O)(=O)[C@H]2C1,4.04
O=C(Cc1cncc2ccccc12)N1C[C@H]2CC[C@H]2[C@H]1c1ccccc1,5.1499999999999995
O=C(Cc1cncc2ccccc12)N1C[C@H]2COC[C@@]2(c2ccccc2)C1,5.17
O=C(Cc1cncc2ccccc12)N1C[C@H]2C[C@@H]1[C@@H]1C[C@H]21,4.44
O=C(Cc1cncc2ccccc12)N1C[C@H]2C[C@H]2C1,4.19
O=C(Cc1cncc2ccccc12)N1C[C@H]2[C@@](c3ccccc3)(C1)CS2(=O)=O,4.75
O=C(Cc1cncc2ccccc12)N1Cc2cccc(F)c2Oc2ccccc21,5.26
O=C(Cc1cncc2ccccc12)N1Cc2ccccc2C[C@H]1c1ccccc1,5.49
O=C(Cc1cncc2ccccc12)N1Cc2ccccc2OCC12CC2,4.45
O=C(Cc1cncc2ccccc12)N1Cc2ccccc2[C@H](CC2CCCCC2)C1,4.77
O=C(Cc1cncc2ccccc12)N1Cc2ccccc2[C@H](c2ccccc2)C1,4.55
O=C(Cc1cncc2ccccc12)N1Cc2ccccc2[C@H](c2cccs2)C1,4.56
O=C(Cc1cncc2ccccc12)N1[C@@H]2CC=C[C@H]1CCC2,5.2
O=C(Cc1cncc2ccccc12)N1[C@H]2CC=C[C@H]1CCC2,5.24
O=C(Cc1cncc2ccccc12)N1[C@H]2CCC[C@H]1c1cn[nH]c1C2,4.82
O=C(Cc1cncc2ccccc12)N1[C@H]2CC[C@H]1CS(=O)(=O)C2,4.31
O=C(Cc1cncc2ccccc12)N1[C@H]2CC[C@H]1c1ncccc12,4.65
O=C(Cc1cncc2ccccc12)NCc1cccc(Cl)c1,5.25
O=C(Cc1cncc2ccccc12)Nc1ccccc1,4.0
O=C(NCCC(=O)N1CCCCC1)c1cncc2ccccc12,4.09
O=C(NCCOc1cc(Cl)ccn1)c1cncc2ccccc12,4.8
O=C(NCCc1c[nH]c2ccc(Cl)cc12)c1cncc2ccccc12,4.91
O=C(NCCc1c[nH]c2ccc(F)cc12)c1cncc2ccccc12,4.82
O=C(NCCc1c[nH]c2ncc(Cl)cc12)c1cncc2ccccc12,4.32
O=C(NCCc1c[nH]c2ncc(F)cc12)c1cncc2ccccc12,4.42
O=C(NCc1c[nH]c2ccc(F)cc12)c1cncc2ccccc12,4.72
O=C(NCc1cc2c(nc1O)CCCC2)c1cncc2ccccc12,4.46
O=C(NCc1ccccn1)[C@H]1CN(C(=O)COS(=O)(=O)Nc2ccccc2)CCN1S(=O)(=O)c1ccsc1,4.75
O=C(NCc1cccs1)[C@@H]1CN(C(=O)c2cccnc2)CCN1c1ccc(Cl)c(Cl)c1,6.91
O=C(NCc1cccs1)[C@@H]1CN(C(=O)c2cncc3ccccc23)CCN1c1ccc(Cl)c(Cl)c1,7.89
O=C(NCc1nc2cc(Cl)ccc2s1)c1cncc2ccccc12,4.04
O=C(NCc1nc2ccccc2[nH]1)c1cncc2ccccc12,4.23
O=C(Nc1cncc2ccccc12)C(F)(F)c1cc(F)cc(F)c1,5.53
O=C(Nc1cncc2ccccc12)C(F)(F)c1ccc(F)c(F)c1,5.16
O=C(Nc1cncc2ccccc12)[C@H](CC(F)(F)F)c1cccc(F)c1,5.2
O=C(Nc1cncc2ccccc12)[C@H]1COc2ccc(F)cc21,5.46
O=C(O)CN1Cc2ccc(Cl)cc2[C@H](C(=O)Nc2cncc3ccccc23)C1,5.01
O=C([C@H]1Cc2ccccc2CN1C(=O)Cc1cncc2ccccc12)N1CCCC1,4.61
O=C(c1cccs1)C1CCN(C(=O)Cc2cncc3ccccc23)CC1,4.78
O=C(c1cncc2ccccc12)N1CCC(Cc2ccc(F)cc2)CC1,5.1
O=C1CC2(CCN(C(=O)Cc3cncc4ccccc34)CC2)CN1,4.16
O=C1CC[C@H](N2C(=O)c3ccc(N4CCN(c5ccc(NC(=O)CN6Cc7ccc(Cl)cc7[C@H](C(=O)Nc7cncc8ccccc78)C6)cc5)CC4)cc3C2=O)C(=O)N1,7.09
O=C1C[C@H](C(=O)Nc2cncc3ccccc23)c2ccccc2N1,4.65
O=C1C[C@H](Cc2ccccc2)C(=O)N1c1cncc2ccccc12,4.62
O=C1C[C@H](Cc2ccccc2)CN1c1cncc2ccccc12,4.91
O=C1C[C@H](Cc2ccccc2)NN1c1cncc2ccccc12,5.16
O=C1C[C@H](Cc2ccccc2Cl)CN1c1cncc2ccccc12,5.14
O=C1C[C@H]2CCN(C(=O)Cc3cncc4ccccc34)C[C@H]2N1,4.03
O=C1C[C@H]2COC[C@H](C1)N2C(=O)Cc1cncc2ccccc12,4.27
O=C1N(c2cncc3ccccc23)CCC[C@]12CCOc1ccc(Cl)cc12,6.53
O=C1NC[C@H]2CN(C(=O)Cc3cncc4ccccc34)CC[C@@H]12,4.06
O=C1N[C@@H](Cc2ccccc2)C(=O)N1c1cncc2ccccc12,4.4
O=C1N[C@@]2(CC[C@H](c3ccccc3)OC2)C(=O)N1c1cncc2ccccc12,5.2
O=C1N[C@H](CC2CC2)C(=O)N1c1cncc2ccccc12,4.31
O=C1N[C@H](Cc2ccccc2)C(=O)N1c1cncc2ccccc12,4.5
O=C1N[C@]2(CCOc3ccc(C(F)F)cc32)C(=O)N1c1cncc2ccccc12,5.44
O=C1N[C@]2(CCOc3ccc(CO)cc32)C(=O)N1c1cncc2ccccc12,4.87
O=C1N[C@]2(CCOc3ccccc32)C(=O)N1c1cncc2ccccc12,4.82
O=C1N[C@]2(CCOc3ccncc32)C(=O)N1c1cncc2ccccc12,4.27
O=C1N[C@]2(CC[C@H](c3ccccc3)OC2)C(=O)N1c1cncc2ccccc12,5.69
O=C1N[C@]2(C[C@@H](c3c(F)cccc3F)C2)C(=O)N1c1cncc2ccccc12,7.06
O=C1N[C@]2(C[C@@H](c3ccc(Cl)cc3)C2)C(=O)N1c1cncc2ccccc12,7.04
O=C1N[C@]2(C[C@@H](c3ccccc3)C2)C(=O)N1c1cncc2ccccc12,6.87
O=C1N[C@]2(C[C@@H](c3ccccc3Cl)C2)C(=O)N1c1cncc2ccccc12,7.84
O=C1N[C@]2(C[C@H](c3ccccc3)C2)C(=O)N1c1cncc2ccccc12,6.69
O=C1Nc2ccc(Cl)cc2[C@]12CCN(c1cncc3ccccc13)C2=O,5.245
O=C1[C@@H]2CCCCN2C(=O)N1c1cncc2ccccc12,4.19
O=C1[C@@H]2CN(Cc3ccccc3)CCN2C(=O)N1c1cncc2ccccc12,5.54
O=C1[C@H](c2ccc(Cl)c(Cl)c2)C[C@H](O)CN1c1cncc2ccccc12,5.47
O=C1c2ccc(Cl)cc2[C@@]2(CN1CC1CNC1)C(=O)N(c1cncc3ccccc13)C[C@@H]2CNc1nccs1,8.09
O=C1c2ccc(Cl)cc2[C@@]2(CN1CC1CNC1)C(=O)N(c1cncc3ccccc13)C[C@@H]2CNc1nncs1,7.56
O=C1c2ccc(Cl)cc2[C@@]2(CN1CC1COC1)C(=O)N(c1cncc3ccccc13)C[C@@H]2CNc1ccncn1,7.59
O=C1c2ccc(Cl)cc2[C@@]2(CN1CCN1CC3(COC3)C1)C(=O)N(c1cncc3ccccc13)C[C@@H]2CNc1ncccn1,7.24
O=C1c2ccc(Cl)cc2[C@@]2(CN1CCN1CCOCC1)C(=O)N(c1cncc3ccccc13)C[C@@H]2CNc1ncccn1,7.51
O=C1c2ccc(Cl)cc2[C@@]2(CN1CCNCC(F)(F)F)C(=O)N(c1cncc3ccccc13)C[C@@H]2CNc1ncccn1,6.91
O=C1c2ccc(Cl)cc2[C@@]2(CN1Cc1cc[nH]n1)C(=O)N(c1cncc3ccccc13)C[C@@H]2CNc1nnc(C(F)(F)F)o1,7.67
O=C1c2ccc(Cl)cc2[C@@]2(CN1Cc1cc[nH]n1)C(=O)N(c1cncc3ccccc13)C[C@@H]2CNc1nnc(C(F)(F)F)s1,7.34
O=C1c2ccc(Cl)cc2[C@@]2(CN1Cc1cc[nH]n1)C(=O)N(c1cncc3ccccc13)C[C@@H]2CNc1nnco1,8.18
O=C1c2ccc(Cl)cc2[C@@]2(CN1Cc1cc[nH]n1)C(=O)N(c1cncc3ccccc13)C[C@@H]2CNc1nncs1,8.24
O=C1c2ccc(Cl)cc2[C@@]2(CN1Cc1ccnnc1)C(=O)N(c1cncc3ccccc13)C[C@@H]2CNc1ccncn1,8.02
O=C1c2ccc(Cl)cc2[C@@]2(CN1Cc1ccnnc1)C(=O)N(c1cncc3ccccc13)C[C@@H]2CNc1nncs1,8.62
O=C1c2ccc(Cl)cc2[C@@]2(CN1Cc1nnco1)C(=O)N(c1cncc3ccccc13)C[C@@H]2CNc1ccncn1,7.13
O=C1c2ccc(Cl)cc2[C@@]2(CN1Cc1nnco1)C(=O)N(c1cncc3ccccc13)C[C@@H]2CNc1ncncn1,7.3
O=c1c(-c2cccc(Cl)c2)cnc(S)n1-c1cncc2ccccc12,6.86
O=c1c(-c2cccc(Cl)c2)cncn1-c1cncc2ccccc12,5.78
